POA (UR),"Postgraduate Degree Level, nfd","Doctoral Degree Level, nfd",Higher Doctorate,"Professional Specialist Qualification, Doctoral Degree Level","Master Degree Level, nfd","Graduate Diploma and Graduate Certificate Level, nfd",Graduate Diploma,Graduate Certificate,"Bachelor Degree Level, nfd","Advanced Diploma and Diploma Level, nfd",Advanced Diploma,Associate Degree,"Diploma Level, nfd",Diploma,"Certificate III & IV Level, nfd",Certificate IV,Certificate III,Year 12,Year 11,Year 10,"Certificate I & II Level, nfd",Certificate II,Certificate I,Year 9,Year 8 or below,Inadequately described,No educational attainment,Not stated,Not applicable,Total
"3000, VIC",52,566,20,19,6607,119,573,159,13454,47,1050,80,0,2689,0,722,1147,7290,702,509,0,8,0,242,204,678,182,4506,1457,43084
"3002, VIC",8,162,7,31,696,20,187,34,1652,0,197,0,0,193,0,61,137,471,141,94,0,0,0,34,36,96,9,332,289,4896
"3003, VIC",15,179,10,5,1197,33,152,51,2539,3,186,14,0,407,0,151,286,1001,161,248,0,0,0,57,63,130,16,529,589,8025
"3004, VIC",29,253,17,21,1610,51,276,74,3366,8,428,14,0,575,0,199,412,1216,294,216,0,7,0,93,40,241,19,1213,809,11482
"3006, VIC",55,358,16,27,3921,108,461,126,7503,14,710,43,3,1240,0,454,708,2784,351,332,0,4,0,121,74,417,54,1462,1360,22699
"3008, VIC",21,232,11,10,2435,69,247,85,4924,16,449,18,0,761,0,247,534,1737,271,269,0,7,0,99,68,275,59,1456,1208,15495
"3011, VIC",27,311,10,7,2188,80,608,171,5317,21,586,28,0,1039,0,529,1095,2920,505,668,0,10,0,358,657,313,313,1781,2729,22278
"3012, VIC",28,269,5,5,2124,87,569,201,5496,14,721,16,0,1281,6,656,1598,3457,783,1050,0,8,3,594,923,401,368,1771,4580,27023
"3013, VIC",21,213,7,9,1205,40,419,122,3660,9,454,8,3,661,0,366,913,1781,417,527,0,3,0,314,501,211,134,635,2994,15636
"3015, VIC",22,217,3,3,1228,51,478,149,4018,5,531,16,0,890,0,393,1283,2004,658,627,0,3,0,344,438,269,130,858,4017,18634
"3016, VIC",33,245,12,7,1153,59,496,95,3395,3,613,9,0,709,0,308,1029,1866,678,708,0,4,0,422,380,275,72,652,2808,16025
"3018, VIC",17,121,0,4,711,30,303,77,2298,9,436,7,0,654,0,368,1246,1454,649,761,0,0,0,450,506,243,84,743,2383,13556
"3019, VIC",3,30,3,0,592,23,80,24,1457,5,231,12,0,387,0,169,510,1601,336,548,0,6,3,342,502,190,334,783,1508,9682
"3020, VIC",18,143,0,3,1828,64,473,92,5617,33,920,29,0,1872,0,1008,2913,7224,1768,2624,0,41,17,1562,3213,701,1523,3448,7254,44372
"3021, VIC",13,117,6,0,1475,68,324,53,5117,55,1099,22,0,2248,0,1065,3857,9529,2398,3687,0,39,11,2105,4240,864,2185,5187,9354,55112
"3022, VIC",0,16,0,0,131,5,42,8,376,0,72,4,0,145,0,89,243,445,133,151,0,0,0,108,154,44,125,324,542,3170
"3023, VIC",36,204,9,27,2265,117,625,151,8830,34,1624,47,0,2965,21,1461,4757,10403,2787,5214,0,34,0,1940,2845,1113,1228,4142,14273,67146
"3024, VIC",11,129,0,0,2270,89,356,79,4380,32,733,8,0,1771,0,996,2796,3515,1376,1974,0,33,3,951,692,516,388,1720,9180,34004
"3025, VIC",9,50,0,4,466,23,200,52,1753,6,293,9,0,555,0,282,974,1675,463,651,0,10,3,417,981,177,391,901,2624,12962
"3026, VIC",6,19,0,5,294,25,64,21,1233,9,200,4,0,421,0,178,553,1329,303,441,0,0,4,211,248,128,150,476,2441,8770
"3027, VIC",7,61,7,8,1225,46,103,19,1984,3,227,3,0,462,0,166,403,1032,221,254,0,4,0,141,88,122,47,517,2297,9448
"3028, VIC",13,112,0,4,1248,52,360,112,3507,17,731,16,0,1438,0,802,2782,3751,1431,1890,0,12,3,1054,1294,484,401,1851,4824,28191
"3029, VIC",68,483,25,30,10354,389,1296,259,18492,112,3077,62,0,7264,17,2822,8301,15161,4254,6696,0,61,3,2907,2678,2135,1080,7867,33996,129888
"3030, VIC",86,627,20,64,8240,309,1503,351,17514,76,3008,67,0,5793,3,2984,9030,13728,4713,6411,0,63,13,3432,2755,1981,1053,6506,28862,119201
"3031, VIC",45,426,17,9,1852,52,535,130,4525,13,463,19,0,697,0,343,712,2148,404,517,0,9,0,271,445,223,273,1079,2564,17772
"3032, VIC",50,425,12,12,2535,102,744,157,6944,14,878,26,0,1380,0,646,1630,3889,970,1062,0,6,5,582,750,540,318,1583,4585,29874
"3033, VIC",17,68,4,13,515,42,233,55,2287,7,485,3,0,636,4,331,1383,1958,802,893,0,5,0,521,917,285,191,780,2640,15078
"3034, VIC",10,51,5,13,452,18,166,37,1933,7,328,6,0,502,0,221,1014,1712,529,663,0,5,0,446,1052,237,243,768,1977,12388
"3036, VIC",4,25,0,7,171,10,110,25,903,3,208,0,0,248,0,156,655,888,345,354,0,0,0,226,238,136,33,278,952,5974
"3037, VIC",24,110,8,11,1574,87,563,103,6416,20,1377,45,0,2480,0,1364,4843,8501,2533,3129,0,19,9,1652,2110,1008,707,2399,10290,51402
"3038, VIC",29,73,4,16,726,41,340,58,3461,7,825,11,0,1199,0,636,2707,4598,1549,1776,0,16,3,883,1526,607,393,1348,3874,26703
"3039, VIC",42,287,3,15,1354,81,506,143,3890,3,539,16,0,771,0,337,912,2012,566,582,0,4,0,319,534,246,125,700,2250,16224
"3040, VIC",55,285,14,37,1803,93,724,160,5976,16,990,27,0,1274,0,543,1707,3614,1153,1094,0,6,0,607,640,444,137,1226,4094,26722
"3041, VIC",21,102,0,20,714,34,294,72,2508,4,496,6,0,614,0,298,985,1825,645,655,0,5,0,320,327,257,61,516,2337,13111
"3042, VIC",18,100,0,4,615,26,276,75,2478,16,548,3,0,827,0,466,1714,2168,876,931,0,5,0,568,862,301,173,813,2895,16763
"3043, VIC",0,44,0,0,459,16,185,46,1979,15,531,11,0,844,0,511,1888,2687,1010,1320,0,15,0,710,924,375,254,1085,2995,17912
"3044, VIC",23,336,3,12,1768,84,644,152,5589,21,848,34,0,1398,0,674,2058,3560,1121,1148,5,8,3,740,1203,493,250,1410,5108,28701
"3045, VIC",0,0,0,0,0,0,0,0,6,0,0,0,0,0,0,0,3,0,0,0,0,0,0,0,0,0,0,44,10,64
"3046, VIC",42,217,4,8,2404,89,568,146,5806,27,925,16,3,1926,0,820,2645,4729,1359,1769,0,6,9,1060,1751,626,531,2800,6470,36772
"3047, VIC",4,55,0,0,814,22,148,20,1828,17,371,6,0,863,0,339,1318,2931,869,1326,0,25,3,895,1646,285,758,2317,4612,21478
"3048, VIC",0,39,0,0,379,12,155,21,1301,13,332,9,0,660,0,338,1127,2880,853,1176,0,18,3,859,1618,279,740,1431,3820,18081
"3049, VIC",4,29,3,0,199,9,120,29,994,5,296,5,0,525,0,308,1133,1462,593,749,0,3,0,386,413,196,116,583,1653,9812
"3051, VIC",24,532,31,30,1880,43,339,117,3948,13,354,19,0,546,0,253,456,1941,288,325,0,0,3,212,242,178,108,1348,1733,14953
"3052, VIC",16,318,12,10,872,10,124,35,1680,7,125,6,0,206,0,74,202,2164,96,123,0,0,0,63,81,89,9,483,487,7297
"3053, VIC",31,425,21,15,2375,42,264,58,4765,11,331,25,0,635,0,208,444,3121,295,254,0,0,0,128,175,243,119,1190,859,16034
"3054, VIC",23,353,13,20,1073,31,287,65,2646,0,246,8,0,239,0,102,274,922,180,153,0,0,0,81,116,101,19,342,896,8186
"3055, VIC",25,384,12,3,1451,57,472,113,3687,9,402,15,0,655,0,367,797,1813,404,432,0,0,0,235,468,227,156,673,1882,14746
"3056, VIC",54,830,19,14,2983,79,854,241,7322,9,637,42,0,994,0,468,1051,2956,527,564,0,0,5,301,837,305,287,1006,2553,24912
"3057, VIC",24,408,13,4,1733,41,485,133,4142,8,359,18,0,540,0,270,549,1461,210,235,0,0,0,135,339,191,99,605,1252,13262
"3058, VIC",54,701,14,17,2696,66,1038,217,7124,13,959,44,0,1627,0,811,1940,4299,1093,1275,0,9,0,781,1792,530,578,1682,5528,34906
"3059, VIC",14,78,0,11,674,23,256,45,2857,18,647,16,0,1101,0,495,1934,3433,1004,1180,0,6,0,570,822,379,269,908,4519,21274
"3060, VIC",12,100,0,9,846,22,172,35,1842,14,278,9,0,576,0,255,932,1872,503,725,0,3,4,397,1040,212,372,1016,3027,14274
"3061, VIC",0,6,4,0,85,3,32,6,316,9,77,0,0,208,0,61,341,763,229,339,0,8,0,245,484,75,273,418,996,4977
"3062, VIC",0,0,0,0,0,0,0,0,0,0,0,0,0,0,0,0,3,0,0,0,0,0,0,0,0,0,0,0,0,6
"3063, VIC",0,0,0,0,10,0,9,4,51,0,22,0,0,18,0,22,80,70,34,51,0,0,0,25,18,17,3,44,82,563
"3064, VIC",55,276,12,40,5244,197,1089,189,12795,96,2840,67,0,6155,0,2659,8228,15739,4408,6104,0,75,14,3689,4422,1861,2579,6037,29534,114413
"3065, VIC",21,330,14,22,1199,31,292,83,3063,6,254,8,0,380,0,149,357,1207,219,204,0,8,0,116,221,148,123,894,1067,10431
"3066, VIC",22,198,15,12,1079,24,231,76,2823,0,220,14,0,415,0,163,414,998,205,200,0,6,5,108,183,121,100,652,898,9179
"3067, VIC",26,210,4,7,1134,30,296,60,3004,4,255,13,0,432,0,179,384,1002,162,181,0,3,0,81,148,135,55,564,733,9096
"3068, VIC",40,687,25,48,2449,72,797,166,5861,4,523,25,0,600,0,283,617,1823,380,491,0,5,0,258,432,209,113,856,2616,19382
"3070, VIC",62,741,22,23,2713,77,1029,213,6799,19,692,30,0,867,0,435,972,2520,624,680,0,6,0,425,892,308,315,1034,3787,25276
"3071, VIC",42,360,4,8,1662,82,654,153,4631,9,523,22,0,798,0,434,968,2159,504,601,0,4,0,341,824,250,242,918,2806,19005
"3072, VIC",38,475,6,7,2368,79,887,205,7122,15,1045,32,0,1609,0,815,1967,4468,1051,1290,0,10,0,840,1621,484,507,1754,5058,33790
"3073, VIC",30,406,6,7,2913,93,898,196,7912,27,1437,30,0,2477,3,1287,3881,6713,1978,2526,0,26,4,1534,3261,869,947,3694,7958,51096
"3074, VIC",10,65,3,4,784,21,151,24,1861,12,427,17,0,842,0,405,1625,3231,863,1312,0,23,7,826,2159,344,792,1293,3153,20234
"3075, VIC",10,72,0,0,791,32,197,34,2339,15,525,9,0,998,0,475,1711,3553,1004,1505,0,17,0,900,2043,387,770,1548,4265,23219
"3076, VIC",12,120,4,10,1344,65,326,70,3671,21,952,18,0,1688,0,821,2856,4970,1512,1996,0,20,0,1127,1404,577,480,2448,6970,33489
"3078, VIC",37,329,3,26,1166,35,519,116,3146,5,371,8,4,444,0,216,518,1338,366,367,0,4,0,223,359,163,81,532,1882,12237
"3079, VIC",41,442,7,37,1566,51,588,106,4390,5,637,5,0,632,4,266,767,1921,577,598,0,0,5,366,410,315,81,631,2603,17055
"3081, VIC",14,165,0,4,889,36,291,74,2454,8,397,4,0,628,0,341,985,1735,529,708,0,16,3,435,532,217,208,979,2356,14003
"3082, VIC",15,175,4,9,1156,43,378,89,3783,17,944,18,0,1493,3,808,2840,4448,1612,1754,0,23,3,925,1317,564,390,1478,4439,28712
"3083, VIC",29,329,4,24,1943,70,462,97,4971,17,967,27,0,1579,6,727,2479,4905,1431,1636,0,10,0,1010,1364,571,444,1952,4482,31529
"3084, VIC",42,594,18,46,2184,82,807,186,5968,12,964,14,0,993,0,549,1626,2876,995,1072,0,8,0,635,780,509,128,1031,4936,27045
"3085, VIC",24,218,4,14,876,38,344,100,2687,5,551,12,0,669,0,339,1060,1641,587,688,0,0,0,353,413,245,53,532,2587,14050
"3087, VIC",5,91,5,3,450,19,201,53,1478,0,274,3,0,467,0,287,907,1042,473,510,0,9,0,296,319,145,66,368,1690,9156
"3088, VIC",30,276,3,5,1307,39,659,166,4546,10,1094,21,0,1307,0,829,2639,3108,1398,1444,0,7,0,809,762,538,117,1003,5047,27181
"3089, VIC",9,87,0,4,434,25,277,78,1838,5,488,17,0,668,0,428,1570,1529,715,685,0,0,0,344,216,233,14,413,2426,12503
"3090, VIC",4,20,0,3,76,6,37,7,355,0,83,4,0,121,0,59,291,427,156,166,0,0,0,93,65,58,3,111,429,2575
"3091, VIC",0,10,0,0,46,3,26,7,198,0,74,0,0,77,0,32,234,240,106,91,0,0,0,44,40,45,5,88,234,1602
"3093, VIC",4,46,0,9,204,13,109,23,754,0,172,0,0,182,0,98,311,467,211,199,0,0,0,108,123,76,23,173,659,3962
"3094, VIC",12,102,0,0,495,13,283,88,1689,0,399,5,0,454,0,223,857,950,433,492,0,6,0,238,155,159,33,304,1852,9250
"3095, VIC",34,438,0,17,1552,87,827,177,5325,9,1237,8,0,1287,5,766,2422,3342,1378,1318,4,6,0,701,437,626,29,953,5373,28373
"3096, VIC",4,16,0,0,51,4,39,11,262,0,84,5,0,104,0,70,269,232,121,118,0,6,0,63,48,22,3,57,324,1911
"3097, VIC",5,23,0,0,100,3,40,8,301,0,60,0,0,69,0,25,143,183,64,65,0,0,0,46,21,26,0,90,256,1536
"3099, VIC",8,78,0,0,169,11,134,22,775,0,214,3,0,270,0,177,687,518,252,270,0,4,0,130,82,82,4,190,935,4993
"3101, VIC",42,616,21,109,2423,101,702,132,6677,8,920,27,0,857,0,311,774,2972,747,711,0,9,0,505,441,404,159,1143,3705,24499
"3102, VIC",24,139,6,27,570,25,206,29,1678,0,243,4,0,212,0,76,266,860,209,219,0,0,0,120,157,113,32,211,1192,6620
"3103, VIC",28,294,11,58,1444,61,394,69,4037,10,681,17,0,569,0,192,475,2091,508,538,0,5,0,354,322,293,76,611,2487,15621
"3104, VIC",32,393,12,54,1752,96,524,73,5331,0,822,16,0,742,0,231,691,2958,805,790,0,5,0,469,492,383,111,732,3794,21302
"3105, VIC",10,134,3,7,651,19,203,45,2206,0,429,6,0,472,4,207,732,1526,460,480,0,3,0,293,769,197,142,531,1604,11124
"3106, VIC",21,217,9,29,1159,50,297,63,3642,9,675,10,0,678,0,252,963,2368,668,758,0,0,0,466,626,371,115,887,2618,16966
"3107, VIC",20,165,9,10,902,43,297,54,2851,3,585,10,0,630,0,232,834,1821,606,630,0,9,5,366,609,315,146,645,2375,14164
"3108, VIC",26,289,13,27,2243,67,431,98,5578,10,1011,17,0,1169,0,422,1178,3472,882,1049,0,5,6,622,934,508,272,1208,3491,25054
"3109, VIC",24,375,20,18,2506,81,552,103,6488,11,1234,35,0,1315,4,482,1560,4033,1151,1304,0,6,0,782,1064,618,297,1263,5585,30926
"3111, VIC",11,114,3,20,788,42,284,58,2625,0,538,0,0,511,0,212,820,1699,515,578,0,0,0,344,405,254,79,637,2084,12644
"3113, VIC",9,129,0,10,482,25,265,45,1653,0,435,0,0,374,0,205,727,1111,386,353,0,0,0,227,138,149,10,258,1573,8562
"3114, VIC",3,34,0,10,184,9,114,16,775,0,176,0,0,155,0,68,317,524,230,180,0,0,0,104,71,72,12,117,673,3835
"3115, VIC",7,24,0,6,98,6,72,11,636,3,158,0,0,183,0,126,502,542,252,227,0,0,0,110,48,74,6,120,628,3843
"3116, VIC",6,43,0,3,356,15,209,46,1476,3,420,11,0,639,0,401,1478,1392,689,775,0,8,0,388,316,211,70,502,2301,11779
"3121, VIC",74,477,16,39,3134,127,895,254,10155,19,898,32,0,1383,0,594,1437,3708,734,717,0,9,3,442,716,453,357,1842,3027,31534
"3122, VIC",39,575,23,73,2612,99,705,142,6742,11,697,22,0,930,0,329,712,2819,566,494,0,0,0,301,247,315,60,1049,2748,22322
"3123, VIC",33,328,12,29,1758,61,466,99,4433,9,453,10,0,571,0,223,456,1571,372,355,0,0,0,231,192,246,48,658,2202,14834
"3124, VIC",45,495,17,61,2213,85,669,103,5976,6,899,16,0,766,0,300,638,2558,752,712,0,4,4,433,420,379,65,878,3470,21965
"3125, VIC",19,195,4,15,1580,52,285,76,3315,9,461,11,0,762,0,221,691,2342,490,498,0,0,0,351,373,251,92,1019,2016,15147
"3126, VIC",21,172,5,37,803,49,233,27,2100,3,301,3,0,229,0,81,206,956,307,269,0,0,0,149,115,149,15,311,1232,7773
"3127, VIC",31,387,17,42,1924,79,667,114,4910,4,758,11,0,686,0,253,597,2243,635,596,0,0,0,384,263,317,43,669,2977,18608
"3128, VIC",30,274,3,11,2342,58,466,83,5076,12,803,13,0,1196,0,385,900,3478,672,732,0,5,0,560,532,354,236,1778,2825,22841
"3129, VIC",17,258,9,18,1549,43,487,107,3963,9,723,9,0,767,0,339,810,2336,625,658,0,7,0,442,525,315,144,716,3056,17946
"3130, VIC",31,497,3,16,2655,95,927,174,7229,8,1241,22,0,1440,3,617,1762,4016,1283,1414,0,7,5,855,811,582,236,1407,5712,33044
"3131, VIC",33,228,4,14,1817,67,485,104,4697,9,818,5,0,1102,0,477,1304,2797,847,1110,0,9,5,604,728,412,245,1336,3927,23191
"3132, VIC",14,200,4,6,1318,44,461,93,3659,10,582,20,0,834,0,426,978,1948,698,720,0,7,7,440,394,275,123,553,2975,16795
"3133, VIC",27,308,0,12,1778,58,493,95,4568,10,968,7,0,1030,0,417,1337,2768,989,1194,0,8,3,635,585,437,170,1019,4027,22951
"3134, VIC",27,280,11,13,2028,86,734,191,6196,20,1428,20,0,1741,0,998,2832,4138,1682,1825,0,18,4,903,946,658,249,1493,6089,34607
"3135, VIC",26,204,0,3,1247,50,527,138,3648,11,830,9,0,992,0,584,1737,2252,942,1035,0,10,0,534,490,369,149,913,3990,20698
"3136, VIC",32,288,3,9,1968,84,952,248,6901,27,1694,28,0,2461,4,1473,4746,5450,2607,2888,3,15,8,1425,1239,934,281,2058,8486,46296
"3137, VIC",8,35,0,3,361,25,207,71,1573,6,466,9,0,836,0,587,2027,1679,910,1156,0,3,4,543,445,267,97,613,2636,14558
"3138, VIC",9,96,0,0,629,27,356,114,2716,7,760,16,0,1210,3,927,2988,2673,1362,1583,0,10,6,787,599,406,230,966,4568,23059
"3139, VIC",4,22,0,0,191,5,196,44,1152,3,430,5,0,781,0,605,2475,1516,869,1174,0,15,0,637,343,276,45,696,2771,14257
"3140, VIC",6,69,0,4,360,17,243,64,1948,8,614,10,0,978,0,709,2420,2081,1146,1286,0,12,4,669,521,334,64,803,2975,17348
"3141, VIC",64,561,37,51,3225,100,651,162,8485,12,791,24,0,1116,0,398,773,2963,512,493,0,4,0,230,229,436,69,1874,1761,25028
"3142, VIC",34,266,20,70,1205,55,302,51,3894,4,533,11,0,480,0,122,357,1731,431,334,0,0,0,165,107,268,13,960,1396,12817
"3143, VIC",28,183,5,29,1012,49,279,49,2913,0,355,6,0,389,0,122,282,1124,243,218,0,0,0,106,124,159,27,483,1192,9376
"3144, VIC",17,205,9,57,988,50,318,57,3191,4,433,12,0,389,0,108,252,1296,361,313,0,0,0,180,165,225,34,472,1616,10763
"3145, VIC",42,389,14,59,2231,90,692,97,6187,18,843,16,0,944,0,330,904,3096,783,694,0,6,0,432,484,442,103,990,3707,23594
"3146, VIC",44,485,20,68,2567,101,820,151,7294,6,943,14,0,948,3,345,836,3082,817,759,0,4,0,461,421,457,68,898,4518,26131
"3147, VIC",32,249,3,17,1251,60,447,67,3528,0,514,10,0,568,0,230,658,1751,514,631,0,10,0,367,393,259,99,672,2782,15102
"3148, VIC",17,95,7,8,878,34,167,31,2166,4,291,10,0,472,0,217,519,1186,304,318,0,3,0,201,325,156,112,521,1505,9552
"3149, VIC",41,611,20,44,3487,109,774,136,7778,24,1352,34,0,1469,0,572,1622,4438,1239,1366,0,4,7,822,950,664,226,1566,5992,35340
"3150, VIC",74,995,27,96,5672,178,1177,201,13568,29,2553,31,5,2598,3,912,2817,8313,2455,2858,0,19,0,1620,1827,1256,512,3407,10097,63298
"3151, VIC",13,118,4,5,962,36,180,22,2263,3,407,0,3,502,0,193,618,1481,369,464,0,3,0,289,502,190,136,455,1461,10675
"3152, VIC",23,285,7,21,2309,111,571,146,6516,11,1371,28,0,1641,0,780,2651,4656,1605,1946,0,13,5,983,855,649,256,1592,5908,34940
"3153, VIC",21,106,4,0,920,34,299,87,2940,10,644,12,0,1173,0,718,2312,2570,1140,1397,0,5,0,721,585,387,141,1345,3693,21276
"3154, VIC",3,31,0,0,110,0,71,26,524,0,170,5,0,269,0,201,563,460,273,316,0,0,0,150,108,86,8,255,869,4500
"3155, VIC",10,148,0,5,927,35,412,93,3226,3,811,9,0,1288,0,917,2721,2925,1241,1627,0,9,3,784,615,414,115,1285,4033,23660
"3156, VIC",38,259,0,15,1317,77,572,161,5286,19,1364,33,0,2118,4,1357,4481,5016,2275,2605,0,14,0,1258,975,731,149,1662,6701,38484
"3158, VIC",15,87,0,0,257,11,180,40,1092,4,279,5,0,389,4,279,765,784,334,363,0,3,0,166,81,118,3,234,1317,6818
"3159, VIC",0,39,0,0,100,3,66,18,404,0,108,0,0,148,5,94,276,270,126,123,0,0,0,70,36,67,0,141,503,2593
"3160, VIC",5,110,0,0,379,16,241,55,1366,0,365,6,0,537,0,361,1027,1007,433,475,0,5,0,258,155,181,14,344,1674,9024
"3161, VIC",26,307,7,54,1699,52,441,84,4761,8,588,14,0,645,0,236,544,2100,462,405,0,0,0,244,234,313,36,986,2660,16903
"3162, VIC",34,248,11,33,1362,68,492,76,4711,16,727,8,0,713,0,261,782,2195,550,544,0,0,0,327,330,384,61,1021,3127,18075
"3163, VIC",48,535,10,14,3717,125,847,179,8583,24,1077,19,0,1549,0,633,1584,3716,893,1025,0,3,0,526,715,573,135,1544,4731,32810
"3165, VIC",43,312,5,15,2034,86,633,120,5996,15,1152,14,0,1296,0,640,1975,3771,1175,1275,0,0,0,691,881,549,147,1175,6154,30159
"3166, VIC",33,355,8,21,2129,64,474,103,5256,16,740,14,0,1198,0,487,1530,3313,819,871,0,4,3,538,1168,390,300,1105,3821,24753
"3167, VIC",6,101,0,0,729,27,159,34,1779,0,315,4,0,447,0,190,693,1329,339,471,0,4,0,243,526,197,155,465,1632,9851
"3168, VIC",21,407,16,12,3026,56,214,53,4797,9,452,8,0,1106,0,317,861,4258,428,452,0,4,0,302,564,344,212,2023,1931,21880
"3169, VIC",15,129,3,7,1634,54,189,41,3528,14,572,12,0,960,0,343,1352,3098,704,991,0,4,0,559,1289,386,585,1361,2989,20820
"3170, VIC",9,184,7,11,1266,49,310,83,3441,3,687,14,0,934,0,403,1428,2844,773,955,0,10,0,528,833,378,245,960,3516,19889
"3171, VIC",9,88,3,0,1017,45,148,29,2871,15,445,12,0,1012,0,355,1104,4215,760,1188,0,15,0,802,1527,362,1344,1589,3214,22174
"3172, VIC",14,77,5,6,593,22,260,53,2735,11,690,13,0,1074,3,523,1837,4000,1171,1621,0,15,0,901,1266,412,858,1176,3937,23261
"3173, VIC",19,142,0,21,1301,69,305,69,4320,5,850,24,0,1320,0,617,1886,5300,1210,1697,0,10,5,944,1376,520,864,1240,5896,30018
"3174, VIC",26,164,4,4,1746,63,324,72,4757,25,975,21,0,1928,0,809,2831,6859,1686,2415,0,19,6,1342,2258,733,1321,2771,6521,39693
"3175, VIC",26,157,12,4,2013,77,389,88,5518,43,1389,29,0,2454,0,1144,3977,8105,2068,3244,0,65,23,1753,3248,948,2273,4829,9682,53545
"3177, VIC",0,21,0,0,285,5,71,11,974,12,239,3,0,502,0,288,992,1728,503,768,0,16,5,462,707,181,613,1171,2327,11889
"3178, VIC",35,250,5,16,1592,63,481,102,5440,10,1321,27,0,1812,3,909,3196,4967,1853,1995,0,8,0,995,850,623,211,1176,5623,33571
"3179, VIC",8,38,0,0,299,12,93,17,987,3,214,0,0,304,0,194,569,819,297,371,0,3,0,204,154,123,42,247,1051,6066
"3180, VIC",3,53,0,0,388,15,129,20,1257,0,286,8,0,411,0,202,740,992,426,509,0,0,0,260,173,155,41,295,1276,7645
"3181, VIC",34,294,9,24,1919,60,486,152,6385,9,664,23,0,959,0,438,837,2475,391,425,0,0,0,199,431,296,101,1502,1526,19636
"3182, VIC",32,413,8,25,2373,76,609,150,6165,34,807,11,0,1307,0,592,1333,2678,561,591,0,4,3,234,221,429,52,2054,1672,22438
"3183, VIC",47,279,9,28,1644,72,478,118,4765,3,593,15,0,882,0,389,873,2147,480,449,0,0,0,255,208,296,65,1122,2756,17964
"3184, VIC",25,293,4,25,1465,66,426,109,4393,11,548,18,0,771,0,291,758,1638,427,350,0,4,0,156,138,263,25,989,1979,15153
"3185, VIC",27,222,3,15,1167,28,478,76,3618,5,488,14,0,540,0,253,571,1556,399,381,0,7,0,251,198,227,40,586,2289,13433
"3186, VIC",37,401,3,70,1936,85,658,92,6091,7,1076,14,0,871,0,286,819,2987,957,853,0,0,0,392,290,480,38,1193,3619,23252
"3187, VIC",24,221,10,20,1188,62,412,67,3944,0,696,13,0,631,0,235,659,2091,668,646,4,0,0,366,301,319,55,951,3167,16757
"3188, VIC",27,248,6,21,1374,75,491,133,4350,3,805,9,0,762,0,329,858,2229,713,757,0,4,0,423,392,375,71,881,3268,18587
"3189, VIC",4,45,0,0,384,21,130,27,1223,6,240,4,0,345,0,149,436,800,243,247,0,3,3,158,172,111,58,311,1169,6287
"3190, VIC",17,91,0,4,799,33,281,64,2547,9,474,3,0,640,0,296,792,1449,437,478,0,3,0,251,296,237,61,536,2212,12007
"3191, VIC",16,178,3,9,792,44,326,65,2557,4,534,0,0,462,0,197,511,1365,443,440,0,5,0,200,177,224,15,613,1731,10926
"3192, VIC",31,201,0,10,1431,55,498,101,4532,8,949,20,0,1205,0,609,1774,2976,1042,1178,0,8,0,629,752,486,158,1151,4348,24129
"3193, VIC",35,280,9,21,1281,72,520,93,4680,8,1016,15,0,869,0,319,1092,2540,971,916,0,0,4,458,292,449,20,788,3456,20207
"3194, VIC",23,131,0,6,743,43,345,59,2643,10,573,15,0,708,0,373,997,1732,609,586,0,5,0,290,312,275,67,596,2075,13221
"3195, VIC",42,281,4,20,1879,88,807,206,6740,17,1535,25,0,1885,0,967,3079,4882,1793,1909,0,12,0,999,843,762,155,1455,6975,37364
"3196, VIC",23,178,4,14,1059,47,499,154,4240,12,932,18,0,1537,0,900,2794,3085,1347,1617,0,6,0,835,621,524,91,1480,4839,26876
"3197, VIC",12,61,5,7,388,27,190,58,1643,4,496,7,0,634,0,412,1504,1536,709,788,0,4,0,375,310,266,62,548,1993,12032
"3198, VIC",10,63,0,0,458,17,283,76,1978,14,602,9,0,974,0,661,2135,1922,973,1303,0,10,0,649,435,330,51,1223,3032,17215
"3199, VIC",57,246,7,16,1547,90,974,243,6732,24,2111,26,0,3153,0,2163,6360,6740,3133,3888,0,36,8,1928,1423,1114,167,4174,9767,56127
"3200, VIC",0,5,0,0,48,3,47,13,308,3,127,0,0,229,0,229,721,604,329,556,0,9,0,375,292,79,21,685,1016,5711
"3201, VIC",13,35,0,3,433,15,210,54,1867,14,569,12,0,1232,6,962,2978,2791,1309,1870,0,9,9,876,642,414,104,1339,4218,21976
"3202, VIC",4,8,0,3,168,0,51,12,468,0,77,6,0,151,0,73,191,390,128,128,0,3,0,76,63,77,9,164,576,2826
"3204, VIC",39,457,9,17,2852,124,809,168,7731,9,1247,23,0,1408,0,605,1582,4169,1176,1100,0,3,5,675,677,634,161,1379,6064,33130
"3205, VIC",32,194,8,16,1242,47,301,68,3226,3,424,14,0,516,0,188,481,1283,324,354,0,4,5,158,182,212,62,872,1339,11548
"3206, VIC",20,196,8,31,1069,43,296,43,2560,6,355,0,0,339,0,126,354,1088,353,321,0,0,0,196,295,176,47,431,1690,10043
"3207, VIC",28,241,5,15,1512,68,443,109,4245,7,670,16,0,890,0,362,903,2037,583,582,0,0,6,333,396,347,84,1311,2428,17633
"3211, VIC",4,6,0,0,39,5,14,5,89,0,39,0,0,68,0,43,171,159,73,117,0,3,0,51,47,25,8,130,265,1353
"3212, VIC",5,67,0,4,397,37,237,74,1867,8,554,7,0,1002,23,786,2398,2050,1063,2332,0,7,0,766,556,259,57,984,3720,19272
"3213, VIC",3,16,0,0,106,6,50,13,460,0,155,0,0,220,0,186,653,586,315,344,0,5,0,197,158,79,24,255,916,4753
"3214, VIC",4,25,0,6,391,14,129,29,1140,13,382,4,0,880,0,892,2675,2628,1734,2644,0,39,10,1565,1583,322,547,2536,4301,24500
"3215, VIC",23,86,0,9,671,29,327,105,2595,7,696,10,0,1055,0,877,2480,2535,1206,1555,0,14,6,859,1256,390,232,1454,3508,21994
"3216, VIC",77,644,20,29,2648,138,1165,358,9616,29,2242,36,0,3090,5,2189,6078,6968,3134,3550,4,26,0,1964,1475,1000,162,3165,10325,60123
"3217, VIC",18,126,0,10,770,35,352,111,3279,14,599,14,0,1290,3,924,2203,2331,728,880,0,6,0,444,266,286,33,761,5003,20499
"3218, VIC",15,137,12,7,797,42,367,119,2682,9,536,4,0,722,0,522,1474,1555,667,739,0,9,0,443,366,242,42,695,2757,14942
"3219, VIC",16,80,8,6,523,32,276,60,2057,15,561,5,5,953,0,890,2611,2195,1244,1784,0,18,0,1069,904,300,121,1648,2952,20309
"3220, VIC",37,217,16,60,1060,56,471,126,3621,20,692,13,0,765,0,506,1307,1929,843,763,0,6,3,419,359,266,41,917,2774,17270
"3221, VIC",0,9,0,0,33,3,23,8,150,0,24,0,0,32,0,17,84,83,35,37,0,0,0,25,8,9,0,45,164,801
"3222, VIC",16,93,3,10,405,33,340,89,1940,12,764,4,0,941,4,792,2648,1984,1158,1523,0,15,0,766,504,343,30,948,3218,18576
"3223, VIC",18,55,0,5,278,11,206,30,982,4,457,3,0,471,0,337,1261,879,648,868,0,6,0,434,365,220,37,957,1004,9536
"3224, VIC",13,48,5,4,247,18,223,55,1484,11,554,8,0,772,0,712,2134,1636,986,1206,0,16,0,644,474,265,32,941,2617,15101
"3225, VIC",9,78,5,14,280,12,193,27,1158,3,356,0,0,237,5,120,417,500,319,278,0,0,0,124,86,132,0,445,621,5408
"3226, VIC",29,138,5,11,655,51,494,115,2806,12,803,11,0,941,0,557,1855,1706,934,961,0,8,3,463,260,303,19,1043,3547,17714
"3227, VIC",9,59,0,8,251,15,140,27,1155,7,284,0,0,235,0,125,428,513,261,222,0,0,0,121,72,80,0,382,1045,5459
"3228, VIC",29,212,9,22,1061,68,640,162,4545,19,1038,19,0,1159,0,708,2201,2367,1049,1052,0,3,0,485,320,422,23,1262,5309,24181
"3230, VIC",5,48,0,0,205,4,108,12,685,0,163,0,0,164,0,61,304,275,164,148,0,0,0,76,45,57,4,207,460,3208
"3231, VIC",5,50,0,9,104,14,66,4,390,0,93,0,0,59,0,38,128,144,66,57,0,0,0,26,9,21,0,126,174,1571
"3232, VIC",4,10,0,5,53,3,32,10,253,0,79,0,0,48,0,29,138,180,70,58,0,0,0,21,20,33,3,156,129,1327
"3233, VIC",0,30,0,0,81,10,57,6,323,0,106,0,0,108,0,57,276,244,137,171,0,0,0,74,64,44,3,278,297,2363
"3234, VIC",0,5,0,0,18,0,5,0,40,0,13,0,0,8,0,0,21,35,11,6,0,0,0,8,4,7,0,16,38,237
"3235, VIC",0,8,0,0,25,0,12,4,76,0,35,0,0,23,0,14,45,52,16,22,0,0,0,9,10,6,0,71,94,515
"3236, VIC",0,10,0,0,10,0,0,0,39,0,14,0,0,10,0,8,24,25,6,18,0,0,0,11,4,3,0,33,29,257
"3237, VIC",0,0,0,0,9,0,5,0,30,0,15,0,0,13,0,10,48,16,21,18,0,0,0,16,4,0,0,45,28,276
"3238, VIC",0,7,0,0,7,0,7,0,47,0,10,0,0,16,0,4,30,20,11,9,0,0,0,10,7,10,0,20,36,251
"3239, VIC",0,3,0,0,5,0,4,0,45,0,20,0,0,16,0,14,71,34,21,64,0,0,0,24,20,10,0,60,73,491
"3240, VIC",0,16,0,0,57,0,44,10,286,0,92,0,0,108,0,72,289,235,134,113,0,0,0,66,35,33,0,109,465,2169
"3241, VIC",0,19,0,0,48,3,36,15,306,0,108,5,0,152,0,128,451,268,179,256,0,0,0,153,86,52,10,302,521,3072
"3242, VIC",0,6,0,0,27,3,17,6,137,3,41,0,0,35,0,43,117,103,52,55,0,0,0,26,17,12,0,59,183,942
"3243, VIC",0,4,0,0,9,0,9,6,44,0,23,0,0,14,0,11,59,41,12,34,0,0,0,12,7,3,0,55,60,392
"3249, VIC",0,13,0,0,48,0,50,6,250,0,133,6,0,125,0,160,484,298,260,321,0,4,0,166,95,49,7,273,624,3368
"3250, VIC",9,14,3,3,152,10,119,32,877,9,357,7,0,436,0,537,1678,1398,955,1275,0,9,3,785,731,185,107,894,2176,12756
"3251, VIC",0,0,0,0,11,0,8,3,36,5,17,0,0,19,0,25,80,39,35,67,0,0,0,35,25,6,4,42,80,524
"3254, VIC",0,0,0,0,0,0,5,0,18,0,11,0,0,11,0,17,52,35,20,32,0,0,0,8,8,6,0,39,86,358
"3260, VIC",4,17,0,0,64,7,56,18,384,0,143,0,0,154,0,165,616,507,381,424,0,8,0,295,229,72,7,476,773,4801
"3264, VIC",0,4,0,0,25,0,28,14,165,0,54,3,0,90,0,72,300,231,162,215,0,3,0,126,152,36,15,216,347,2254
"3265, VIC",4,3,0,0,31,4,36,13,236,0,92,0,0,117,0,89,373,258,223,260,0,3,0,137,91,31,0,254,576,2827
"3266, VIC",7,5,0,0,16,3,21,4,176,3,87,0,0,94,0,113,437,312,256,320,0,0,0,196,160,28,6,274,530,3047
"3267, VIC",0,0,0,0,3,0,7,0,10,0,12,0,0,4,0,5,31,30,17,19,0,0,0,12,4,0,0,19,28,214
"3268, VIC",5,0,0,0,31,0,26,0,239,0,84,3,0,89,0,60,331,265,233,268,0,4,0,130,90,38,0,228,422,2552
"3269, VIC",0,0,0,0,16,3,14,0,72,0,25,0,0,20,0,19,97,70,47,48,0,0,0,30,7,11,0,63,131,676
"3270, VIC",0,0,0,0,3,0,3,0,40,0,17,0,0,13,0,9,49,29,21,21,0,0,0,16,9,10,0,16,53,322
"3271, VIC",0,0,0,0,0,0,4,0,7,0,13,0,0,9,0,3,19,26,16,11,0,0,0,4,3,3,0,29,29,188
"3272, VIC",0,0,0,0,23,0,11,3,123,0,52,0,0,64,0,50,200,147,114,174,0,0,0,109,77,25,3,164,296,1641
"3273, VIC",0,0,0,0,0,0,0,0,11,0,4,0,0,7,0,9,21,14,12,18,0,0,0,8,3,3,0,9,15,130
"3274, VIC",0,0,0,0,3,0,0,0,16,0,12,0,0,17,0,8,32,24,14,33,0,0,0,17,15,0,0,21,49,256
"3275, VIC",4,0,0,0,4,0,5,5,28,0,12,0,0,17,0,12,93,48,43,33,0,0,0,13,14,4,0,41,103,490
"3276, VIC",0,0,0,0,5,0,8,0,29,0,16,0,0,17,0,10,65,43,36,42,0,0,0,26,19,14,0,36,65,437
"3277, VIC",0,7,0,5,25,0,21,4,149,0,53,0,0,77,0,65,259,160,137,167,0,0,0,101,55,23,0,133,358,1820
"3278, VIC",0,0,0,0,5,0,0,3,16,0,10,0,0,19,0,24,56,20,22,32,0,0,0,20,9,3,0,25,68,343
"3279, VIC",0,0,0,0,0,0,0,0,29,0,9,0,0,10,0,11,41,39,23,20,0,0,0,17,11,3,0,31,71,300
"3280, VIC",29,136,8,22,754,42,580,163,3621,12,950,17,0,1544,0,1292,3999,3430,2245,2742,0,27,0,1589,1296,490,113,2455,5752,33298
"3281, VIC",5,13,0,0,36,4,23,16,220,3,64,0,0,93,0,80,259,172,126,124,0,0,0,71,35,29,6,61,425,1857
"3282, VIC",0,7,0,0,49,0,38,9,231,6,88,0,0,97,0,109,366,210,171,189,0,3,0,116,76,33,6,181,492,2488
"3283, VIC",0,11,0,0,27,3,26,3,165,0,46,0,0,57,0,41,180,146,112,117,0,0,0,60,40,15,0,94,269,1423
"3284, VIC",5,21,0,3,123,7,80,17,561,5,179,0,0,160,0,103,396,339,224,248,0,3,0,140,111,61,3,384,678,3860
"3285, VIC",5,14,0,0,34,0,25,4,120,0,38,0,0,49,0,46,178,121,80,100,0,0,0,55,35,22,0,105,229,1255
"3286, VIC",0,0,0,0,7,0,5,0,30,0,19,0,0,32,0,27,63,47,51,48,0,0,0,37,31,3,0,37,85,532
"3287, VIC",0,0,0,0,3,0,0,0,49,0,15,0,0,8,0,16,51,43,38,42,0,0,0,29,8,7,0,29,76,418
"3289, VIC",0,3,0,0,9,0,9,0,55,0,29,0,0,35,0,21,99,97,72,75,0,3,0,46,35,12,0,66,142,804
"3292, VIC",0,0,0,0,4,0,8,0,13,0,4,0,0,11,0,5,30,12,27,23,0,0,0,9,0,8,0,25,11,191
"3293, VIC",0,5,0,0,4,0,3,0,37,0,16,0,0,12,0,8,44,32,26,36,0,0,0,6,3,9,0,30,57,336
"3294, VIC",4,0,0,0,22,0,19,0,127,0,54,0,0,48,0,36,104,91,59,77,0,0,0,25,15,12,0,82,177,967
"3300, VIC",6,43,0,4,177,7,160,36,897,0,272,5,0,414,0,406,1409,1020,788,964,0,4,0,569,506,158,23,850,1768,10479
"3301, VIC",0,3,0,0,30,3,24,3,139,0,49,0,0,60,0,38,156,126,93,105,0,0,0,56,19,22,0,90,236,1267
"3302, VIC",0,0,0,0,5,0,8,5,30,0,18,0,0,19,0,15,47,29,23,40,0,0,0,26,9,0,0,22,55,356
"3303, VIC",0,0,0,0,4,0,4,0,19,0,11,0,0,13,0,17,36,25,26,22,0,0,0,19,10,4,0,26,41,282
"3304, VIC",0,0,0,0,13,0,21,9,111,5,65,0,0,84,0,104,375,268,257,308,0,3,0,168,152,35,4,340,466,2786
"3305, VIC",6,23,5,8,143,11,155,39,920,13,348,3,0,535,0,527,1968,1271,1076,1462,4,14,0,806,571,232,37,1093,2082,13344
"3309, VIC",0,0,0,0,0,0,0,0,3,0,5,0,0,3,0,0,23,14,9,18,0,0,0,4,5,0,0,11,27,122
"3310, VIC",0,0,0,0,0,0,5,0,11,0,10,0,0,8,0,13,34,21,22,27,0,0,0,26,13,6,0,27,22,263
"3311, VIC",0,3,0,0,12,0,16,4,113,0,45,0,0,57,0,64,209,171,148,195,0,0,0,126,128,28,10,197,189,1707
"3312, VIC",0,5,0,0,12,0,6,0,75,0,36,0,0,32,0,33,144,98,88,103,0,0,0,40,42,16,0,117,186,1023
"3314, VIC",0,3,0,0,3,0,6,0,55,0,30,0,0,32,0,19,66,50,39,36,0,0,0,25,12,11,0,58,108,569
"3315, VIC",0,4,0,0,17,0,12,0,136,0,55,0,0,63,0,54,229,129,136,182,0,0,0,109,101,25,5,165,254,1686
"3317, VIC",0,0,0,0,0,0,0,5,12,0,7,0,0,7,0,6,27,25,15,17,0,0,0,4,3,7,0,24,29,184
"3318, VIC",0,8,0,0,13,0,11,9,107,0,40,0,0,48,0,43,152,119,99,155,0,0,0,64,61,17,3,120,182,1243
"3319, VIC",0,0,0,0,0,0,5,0,26,0,9,0,0,15,0,10,43,41,36,46,0,0,0,18,14,9,0,84,56,410
"3321, VIC",0,12,0,0,31,0,34,12,238,0,61,0,0,101,0,59,252,161,99,96,0,0,0,51,30,25,0,92,437,1780
"3322, VIC",0,0,0,0,0,0,0,0,13,0,4,0,0,3,0,4,30,19,14,8,0,0,0,12,9,8,0,14,27,176
"3323, VIC",0,0,0,0,0,0,0,0,12,0,0,0,0,6,0,0,20,4,12,8,0,0,0,4,0,0,0,12,12,91
"3324, VIC",0,0,0,0,4,0,3,0,50,0,22,0,0,15,0,19,59,67,39,74,0,0,0,29,33,5,0,57,90,577
"3325, VIC",0,0,0,0,6,0,10,0,45,0,15,0,0,15,0,21,53,32,36,51,0,0,0,32,16,10,0,46,75,456
"3328, VIC",3,3,0,0,31,4,44,19,200,8,65,3,0,106,0,100,366,215,128,170,0,0,0,67,49,32,0,134,551,2308
"3329, VIC",0,0,0,0,7,0,5,0,25,0,12,0,0,19,0,13,58,34,12,20,0,0,0,18,3,6,0,19,64,309
"3330, VIC",0,0,0,0,6,0,0,0,12,0,4,0,0,12,0,10,29,29,10,21,0,0,0,14,7,0,0,23,32,208
"3331, VIC",3,28,0,0,100,10,115,22,594,0,212,9,0,391,0,304,1126,657,394,509,0,9,0,298,162,95,23,421,1745,7202
"3332, VIC",0,7,0,0,12,0,11,4,85,0,29,0,0,59,0,51,206,118,75,79,0,0,0,41,25,13,0,91,272,1181
"3333, VIC",0,8,0,3,14,0,7,0,73,0,29,0,0,51,0,27,119,74,45,87,0,0,0,34,26,25,3,76,151,864
"3334, VIC",0,4,0,0,15,0,0,0,37,0,17,0,0,15,0,26,73,49,40,47,0,0,0,37,15,8,4,74,75,544
"3335, VIC",0,7,0,3,332,15,61,19,853,6,159,6,0,416,0,171,552,741,195,307,0,0,0,164,145,94,64,388,1490,6195
"3336, VIC",7,41,3,3,1030,53,201,46,2887,11,477,13,0,1066,0,423,1192,2207,457,613,0,5,0,298,302,297,118,709,5268,17737
"3337, VIC",10,47,0,5,681,30,352,61,2739,23,876,15,0,1810,3,1501,4858,5215,2331,3485,0,42,6,1772,1456,676,349,2891,9486,40724
"3338, VIC",6,85,0,3,1288,50,341,60,3361,29,810,17,0,1925,0,1095,3495,4251,1703,2555,0,24,5,1267,1060,574,407,2447,10198,37062
"3340, VIC",17,86,0,5,592,36,375,88,2386,18,787,14,0,1305,3,1016,3369,2869,1523,1988,0,13,4,1079,810,410,81,1410,5324,25614
"3341, VIC",0,0,0,0,50,3,29,11,151,3,57,0,0,95,0,71,229,156,106,114,0,0,0,76,44,24,6,119,312,1644
"3342, VIC",0,17,0,0,76,5,82,14,347,0,121,0,0,187,0,148,587,393,253,321,0,3,0,182,132,66,3,269,735,3946
"3345, VIC",0,11,0,0,38,4,26,5,142,0,51,0,0,69,0,50,201,139,53,96,0,3,0,80,33,19,5,90,282,1393
"3350, VIC",78,515,18,78,2777,147,1559,397,9458,38,2162,31,4,2984,6,2348,6586,7314,3620,4402,0,44,6,2500,1815,940,156,3891,12153,66022
"3351, VIC",4,28,0,0,137,8,141,25,763,3,277,6,0,405,0,341,1435,915,570,799,0,12,0,397,236,145,24,630,1807,9106
"3352, VIC",22,74,0,21,444,18,319,74,1753,12,552,6,0,866,0,762,2646,1803,1137,1706,0,10,0,801,485,267,24,1137,3966,18922
"3355, VIC",5,42,0,9,238,17,160,43,1033,4,316,0,0,491,0,425,1586,1316,944,1390,0,17,9,785,673,231,43,1218,2064,13059
"3356, VIC",3,27,0,0,191,7,173,41,1072,7,310,6,0,622,0,656,2105,1682,1004,1657,0,23,0,938,800,227,55,1284,2711,15601
"3357, VIC",3,42,0,5,148,7,127,32,610,0,153,0,0,177,0,113,385,332,182,212,0,0,0,121,81,54,10,173,822,3797
"3358, VIC",3,9,0,0,86,8,37,14,407,0,68,0,0,194,0,147,474,380,152,214,0,0,0,111,53,55,9,114,902,3440
"3360, VIC",0,4,0,0,9,0,13,4,63,0,29,0,0,39,0,21,121,81,57,68,0,0,0,50,37,13,0,68,136,803
"3361, VIC",0,0,0,0,7,0,9,0,48,0,27,0,0,24,0,17,82,67,46,68,0,0,0,46,42,11,4,79,103,695
"3363, VIC",3,22,0,4,87,0,68,10,301,0,146,0,0,161,0,142,475,303,217,326,0,6,0,162,138,51,10,360,596,3598
"3364, VIC",4,19,0,0,58,4,48,16,263,0,82,0,0,93,0,71,298,213,122,176,0,0,0,95,54,42,0,225,398,2272
"3370, VIC",0,14,0,3,52,0,37,3,180,0,59,3,0,74,0,76,218,208,131,182,0,4,0,99,82,39,0,169,262,1900
"3371, VIC",0,5,0,0,10,0,13,0,72,0,26,0,0,35,0,29,161,114,72,122,0,0,0,64,44,15,5,181,115,1090
"3373, VIC",0,11,0,0,34,0,37,4,163,0,79,0,0,128,0,88,329,220,186,302,0,0,0,133,96,31,0,231,360,2453
"3374, VIC",0,0,0,0,13,0,5,3,36,0,19,0,0,17,0,25,68,38,19,20,0,5,0,17,16,8,0,52,55,425
"3375, VIC",0,0,0,0,3,0,7,4,21,0,12,0,0,10,0,3,22,23,27,16,0,0,0,11,10,4,0,14,55,236
"3377, VIC",5,16,0,0,139,12,111,23,660,9,320,4,0,342,8,377,1088,973,678,1412,0,10,0,524,416,116,71,888,1408,9602
"3378, VIC",0,0,0,0,0,0,0,0,16,0,8,0,0,12,0,3,16,11,14,7,0,0,0,0,0,3,0,11,41,140
"3379, VIC",0,0,0,0,5,0,12,3,89,0,40,0,0,31,0,18,83,61,73,64,0,4,0,46,24,12,0,79,112,749
"3380, VIC",0,3,0,0,82,4,60,15,420,5,176,0,0,221,0,270,742,717,459,612,0,6,0,349,283,89,40,709,958,6220
"3381, VIC",0,11,0,0,31,3,28,6,194,0,60,3,0,56,0,54,167,137,84,83,0,0,0,40,22,30,0,186,217,1401
"3384, VIC",0,0,0,0,5,0,8,0,43,0,22,0,0,20,0,27,92,55,45,55,0,5,0,39,23,12,0,66,92,608
"3385, VIC",3,0,0,0,6,0,4,0,44,0,27,0,0,30,0,14,83,49,31,53,0,0,0,31,25,8,0,57,73,541
"3387, VIC",0,0,0,0,0,0,0,0,18,0,16,0,0,13,0,14,35,32,33,39,0,0,0,12,8,12,0,18,45,289
"3388, VIC",0,0,0,0,3,0,6,0,43,0,29,0,0,21,0,15,80,44,43,57,0,0,0,25,18,8,10,74,85,567
"3390, VIC",0,6,0,0,7,0,19,0,67,0,39,0,0,37,0,31,115,79,81,100,0,0,0,61,47,10,4,88,185,957
"3391, VIC",0,0,0,0,0,0,4,0,4,0,10,0,0,0,0,0,22,18,10,31,0,0,0,12,11,6,0,17,26,181
"3392, VIC",0,0,0,0,4,0,12,3,30,0,23,0,0,30,0,16,69,56,63,60,0,0,0,41,26,12,6,79,69,584
"3393, VIC",0,5,0,0,23,0,30,6,155,0,78,0,0,80,0,98,342,231,225,248,0,0,0,139,143,36,12,323,425,2614
"3395, VIC",0,0,0,0,0,0,0,0,15,0,16,0,0,11,0,23,47,40,38,41,0,0,0,18,21,6,0,28,51,350
"3396, VIC",0,0,0,0,10,0,5,0,45,0,14,0,0,30,0,24,77,69,65,78,0,0,0,65,70,13,3,45,92,694
"3400, VIC",6,65,0,4,255,15,184,43,1256,4,439,3,0,653,0,586,1913,1390,1240,1410,0,13,0,808,736,223,43,1088,2763,15134
"3401, VIC",0,12,0,0,52,0,67,24,355,4,195,0,0,218,0,183,668,463,356,366,0,0,0,199,120,79,10,310,901,4596
"3407, VIC",0,0,0,0,0,0,7,6,33,0,10,0,0,23,0,13,50,39,46,33,0,0,0,25,8,8,0,37,74,416
"3409, VIC",0,7,0,0,20,0,27,4,101,0,29,0,0,29,0,34,119,106,79,87,0,0,0,47,24,7,0,104,142,987
"3412, VIC",0,0,0,0,6,0,0,0,20,0,6,0,0,9,0,8,38,23,28,38,0,0,0,11,19,0,0,29,66,295
"3413, VIC",0,0,0,0,0,0,0,0,12,0,6,0,0,17,0,11,14,22,17,23,0,0,0,15,6,0,0,16,26,196
"3414, VIC",4,3,0,0,23,0,13,6,108,0,48,0,0,73,0,61,207,156,144,198,0,0,0,141,99,31,3,153,238,1719
"3415, VIC",0,0,0,0,0,0,0,0,3,0,0,0,0,5,0,5,4,0,4,3,0,0,0,0,0,0,0,4,5,36
"3418, VIC",0,0,0,0,35,0,27,5,222,0,68,3,0,88,0,98,365,263,219,278,0,5,0,178,196,38,56,257,463,2875
"3419, VIC",0,0,0,0,9,0,7,3,72,0,23,0,0,32,0,25,125,76,99,102,0,0,0,49,41,6,0,73,144,891
"3420, VIC",0,0,0,0,0,0,0,0,17,0,11,0,0,8,0,12,41,27,29,25,0,0,0,8,4,5,0,25,74,283
"3423, VIC",0,0,0,0,0,0,0,0,17,0,11,0,0,19,0,19,54,47,40,62,0,0,0,31,38,13,7,58,59,476
"3424, VIC",0,0,0,0,10,0,12,0,56,0,13,0,0,17,0,27,96,90,66,80,0,5,0,30,40,11,0,69,110,750
"3427, VIC",0,11,0,0,189,7,70,30,679,3,158,0,0,332,0,230,694,661,289,358,0,0,0,165,113,93,33,349,1189,5669
"3428, VIC",0,0,0,0,9,3,8,0,47,0,19,0,0,32,0,20,106,94,41,61,0,0,0,31,24,8,9,49,95,668
"3429, VIC",17,134,3,4,907,56,611,175,4066,16,1360,22,0,2096,3,1596,5225,5023,2316,2881,0,29,0,1346,935,739,116,1971,7423,39093
"3430, VIC",0,0,0,0,4,0,0,0,24,0,12,0,0,6,0,8,42,34,17,35,0,0,0,17,10,9,0,38,51,303
"3431, VIC",4,39,0,3,114,8,99,24,525,5,176,0,0,223,0,175,620,455,237,277,0,0,0,161,86,107,0,204,851,4390
"3432, VIC",0,3,0,0,4,0,4,0,23,0,9,0,0,8,0,0,23,19,10,21,0,0,0,12,0,0,0,19,27,185
"3433, VIC",0,6,0,0,3,0,5,0,22,0,12,0,0,7,0,8,26,23,19,15,0,0,0,3,6,4,0,20,39,207
"3434, VIC",4,23,0,0,113,10,105,19,615,0,193,3,0,313,0,251,946,703,383,391,0,0,0,221,150,107,6,331,1248,6143
"3435, VIC",0,17,0,0,69,0,64,16,364,0,128,4,0,155,0,97,440,348,177,229,0,0,0,152,82,39,12,225,617,3228
"3437, VIC",10,51,0,3,372,36,281,63,1551,8,444,11,0,602,4,350,1343,1336,629,606,0,0,0,358,219,214,11,569,2651,11715
"3438, VIC",0,27,0,0,78,3,62,11,330,0,96,4,0,142,0,81,264,272,137,143,0,0,0,70,84,46,4,127,525,2509
"3440, VIC",0,36,0,0,108,8,62,8,346,0,88,0,0,79,0,46,201,225,86,85,0,0,0,53,22,38,0,121,449,2073
"3441, VIC",6,24,0,0,107,0,46,4,284,0,68,0,0,63,0,30,94,144,55,55,0,0,0,30,11,30,0,114,275,1450
"3442, VIC",11,130,7,6,465,22,258,57,1454,4,356,0,0,366,0,241,726,837,386,469,0,6,0,263,196,149,26,497,1660,8586
"3444, VIC",10,103,0,0,371,33,235,58,1413,4,392,7,0,448,0,288,1011,1131,519,682,0,8,0,398,317,177,24,773,1657,10066
"3446, VIC",0,25,0,0,49,0,29,9,165,0,37,0,0,37,0,47,135,106,40,68,0,0,0,31,17,8,5,85,198,1101
"3447, VIC",0,6,0,0,18,3,15,3,81,0,24,0,0,24,0,15,71,56,23,36,0,0,0,20,10,11,0,52,54,524
"3448, VIC",0,13,0,0,38,0,32,3,124,0,50,0,0,46,0,32,111,82,49,68,0,0,0,33,27,23,0,87,161,981
"3450, VIC",20,145,0,9,413,17,277,39,1181,0,340,0,0,293,9,151,504,605,315,893,0,0,0,239,215,107,10,841,958,7588
"3451, VIC",3,92,0,5,251,9,180,37,797,0,224,0,0,280,4,187,672,527,343,390,0,5,0,178,134,91,7,396,1008,5819
"3453, VIC",3,13,0,0,63,5,50,20,245,0,68,0,0,91,0,71,211,161,119,149,0,3,0,75,40,30,4,149,297,1852
"3458, VIC",3,33,0,0,136,7,70,7,395,0,115,0,0,103,0,68,251,210,93,118,0,0,0,68,56,46,5,225,324,2330
"3460, VIC",0,32,0,0,144,11,77,17,445,3,143,0,0,127,0,74,238,304,133,195,0,3,0,107,79,69,0,282,319,2799
"3461, VIC",10,57,0,3,214,13,150,18,698,3,207,5,0,223,0,154,479,453,261,276,0,3,0,162,110,78,10,422,604,4614
"3462, VIC",0,17,0,0,41,6,41,8,151,0,52,0,0,61,0,42,145,116,65,92,0,0,0,62,34,14,3,115,177,1230
"3463, VIC",0,31,0,0,106,8,71,12,339,4,119,0,0,114,0,78,361,244,160,212,0,0,0,102,86,58,0,204,266,2588
"3464, VIC",0,5,0,0,11,0,14,4,74,0,28,0,0,57,0,40,181,129,86,123,0,4,0,68,33,14,0,85,227,1192
"3465, VIC",0,11,0,3,83,8,95,24,582,0,232,0,0,314,0,367,1420,1032,736,1158,0,10,0,707,648,140,26,1014,1498,10111
"3467, VIC",0,6,0,0,15,0,16,0,86,0,26,0,0,48,0,43,175,113,105,129,0,0,0,103,90,25,0,150,217,1356
"3468, VIC",0,0,0,0,4,0,4,0,26,0,7,0,0,4,0,6,41,28,17,32,0,0,0,14,15,3,0,30,30,267
"3469, VIC",0,0,0,0,3,0,6,4,19,0,15,0,0,12,0,15,21,25,24,18,0,0,0,10,9,4,0,56,30,269
"3472, VIC",0,0,0,0,12,0,6,0,79,0,49,0,0,50,0,46,212,143,96,189,0,3,0,113,97,30,7,159,197,1492
"3475, VIC",0,0,0,0,4,0,0,0,16,0,14,0,0,9,0,13,56,34,23,46,0,0,0,32,27,4,0,49,47,373
"3477, VIC",0,3,0,0,8,5,15,0,61,0,35,0,0,33,0,32,126,84,59,66,0,0,0,45,26,11,0,91,129,817
"3478, VIC",0,0,0,0,24,3,27,4,157,0,71,0,0,84,0,89,310,253,221,296,0,5,0,172,154,53,16,304,343,2584
"3480, VIC",0,0,0,0,13,0,15,4,126,0,46,0,0,53,0,60,241,186,159,203,0,0,0,93,93,23,0,197,283,1805
"3482, VIC",0,0,0,0,0,0,0,0,11,0,5,0,0,7,0,6,8,17,25,22,0,0,0,14,10,0,0,50,28,207
"3483, VIC",0,0,0,0,11,0,9,0,95,0,36,0,0,33,0,24,111,83,52,75,0,0,0,45,53,10,3,81,148,882
"3485, VIC",0,0,0,0,3,0,4,0,12,0,11,0,0,3,0,15,37,31,25,35,0,0,0,17,19,4,0,38,29,291
"3487, VIC",0,0,0,0,0,0,0,0,0,0,8,0,0,3,0,0,8,12,0,13,0,0,0,4,3,0,0,8,9,82
"3488, VIC",0,0,0,0,0,0,0,0,5,0,0,0,0,3,0,0,13,6,13,8,0,0,0,8,0,3,0,9,13,89
"3489, VIC",0,0,0,0,0,0,0,0,5,0,0,0,0,0,0,3,5,4,5,10,0,0,0,8,0,0,0,3,19,62
"3490, VIC",0,0,0,0,17,0,10,0,87,0,29,0,0,40,0,43,179,88,129,162,0,0,0,77,76,11,3,177,161,1292
"3491, VIC",0,0,0,0,0,0,0,0,12,0,0,0,0,3,0,10,17,12,10,18,0,0,0,10,8,4,0,14,27,149
"3494, VIC",0,0,0,0,3,0,0,0,28,0,10,0,0,20,0,18,75,116,52,69,0,0,0,35,27,6,0,76,106,641
"3496, VIC",3,3,0,0,55,4,67,12,345,0,150,0,0,232,0,198,929,635,439,662,0,7,0,390,331,85,36,677,1197,6464
"3498, VIC",4,3,0,0,52,4,69,16,472,0,127,0,0,226,0,162,840,648,382,570,0,4,0,294,249,59,32,593,1155,5977
"3500, VIC",8,69,5,23,545,20,401,114,2758,21,745,18,0,1507,0,1112,3851,3792,2089,3213,0,34,10,1816,1855,573,497,3231,6266,34565
"3501, VIC",0,9,0,0,29,3,25,11,199,3,52,0,0,97,0,62,305,213,140,172,0,0,0,100,77,35,0,124,500,2146
"3505, VIC",0,6,0,0,29,3,42,10,268,6,106,4,0,192,0,155,694,470,334,536,0,4,0,266,255,48,21,554,989,5010
"3506, VIC",0,0,0,0,0,0,0,0,4,0,0,0,0,0,0,0,3,7,5,0,0,0,0,0,0,0,0,0,6,33
"3507, VIC",0,0,0,0,0,0,0,0,14,0,6,0,0,5,0,4,23,8,11,15,0,0,0,14,10,0,0,42,29,171
"3509, VIC",0,0,0,0,3,0,0,0,13,0,0,0,0,9,0,10,26,25,30,30,0,0,0,12,14,0,0,29,40,228
"3512, VIC",0,0,0,0,9,0,4,0,25,6,8,0,0,12,0,3,49,39,31,44,0,0,0,25,24,0,0,29,77,369
"3515, VIC",0,3,0,0,24,3,41,9,209,0,68,0,0,125,0,108,399,256,144,181,0,0,0,91,58,32,10,118,639,2516
"3516, VIC",0,0,0,0,8,3,9,3,45,0,18,0,0,37,0,27,106,89,58,60,0,0,0,41,23,11,0,76,109,722
"3517, VIC",0,0,0,0,9,0,15,0,77,0,43,0,0,45,0,53,208,122,111,179,0,0,0,116,90,22,0,179,223,1497
"3518, VIC",0,0,0,0,8,0,21,0,70,3,35,0,0,38,0,44,167,119,94,154,0,0,0,88,88,24,0,204,156,1321
"3520, VIC",0,0,0,0,0,0,0,0,0,0,6,0,0,3,0,5,13,14,17,27,0,0,0,16,14,3,0,26,16,156
"3521, VIC",0,0,0,0,12,0,5,0,40,0,24,0,0,33,0,32,141,66,41,61,0,3,0,33,22,14,0,91,158,772
"3522, VIC",0,0,0,0,5,0,0,0,26,0,11,0,0,6,0,8,47,33,21,35,0,0,0,28,10,10,4,41,45,338
"3523, VIC",3,10,0,0,63,8,57,16,248,0,132,3,0,162,0,122,556,321,239,411,0,11,0,270,217,79,8,568,468,3965
"3525, VIC",0,0,0,0,18,0,13,0,103,0,53,0,0,34,0,35,172,141,92,138,0,0,0,85,69,12,10,199,186,1369
"3527, VIC",0,0,0,0,5,4,14,5,51,0,15,0,0,21,0,26,93,57,83,89,0,0,0,48,35,14,0,92,93,741
"3529, VIC",0,0,0,0,0,0,0,0,9,0,6,0,0,4,0,3,15,14,13,5,0,0,0,5,0,0,0,7,28,117
"3530, VIC",0,0,0,0,0,0,0,0,14,0,8,0,0,0,0,5,23,15,3,15,0,0,0,16,7,0,0,12,9,114
"3531, VIC",0,0,0,0,0,0,0,0,13,0,0,0,0,12,0,7,29,20,15,14,0,0,0,10,8,3,0,19,36,194
"3533, VIC",0,0,0,0,6,0,9,0,47,0,16,0,0,20,0,22,102,69,64,83,0,0,0,53,51,9,0,76,119,744
"3537, VIC",0,0,0,0,11,0,13,4,87,0,20,0,0,26,0,36,112,77,76,111,0,0,0,68,49,17,0,205,176,1094
"3540, VIC",0,0,0,0,0,0,0,0,19,0,8,0,0,10,0,6,21,28,29,41,0,0,0,25,16,0,0,43,22,263
"3542, VIC",0,0,0,0,0,0,0,0,0,0,0,0,0,6,0,3,22,13,17,21,0,0,0,8,8,0,0,16,24,139
"3544, VIC",0,0,0,0,0,0,0,0,17,0,16,0,0,4,0,5,21,29,29,23,0,0,0,10,9,8,0,29,48,252
"3546, VIC",0,0,0,0,0,0,8,0,38,0,10,0,0,8,0,10,35,25,30,34,0,0,0,29,24,5,0,29,56,346
"3549, VIC",0,0,0,0,24,0,16,9,204,3,45,0,0,108,0,59,261,676,222,348,0,0,0,227,261,58,133,600,754,4017
"3550, VIC",36,277,24,57,1383,76,955,185,5482,18,1321,12,0,1922,0,1478,4537,4656,2372,3205,0,32,9,1707,1483,665,213,3021,6720,41839
"3551, VIC",21,121,0,32,745,57,757,180,4065,20,1060,10,0,1651,0,1422,4528,3436,1967,2591,0,20,4,1325,888,530,107,1794,8307,35614
"3555, VIC",6,53,3,5,400,20,299,67,1807,11,515,11,0,947,0,849,2705,2124,1258,2046,0,28,3,1078,977,342,147,1798,3541,21043
"3556, VIC",7,29,0,0,183,7,171,33,934,14,261,0,0,594,0,582,1976,1415,895,1455,0,18,3,756,690,201,140,1072,2640,14088
"3557, VIC",0,3,0,0,10,0,9,0,76,0,21,0,0,38,0,39,136,62,55,72,0,3,0,33,29,14,0,72,174,853
"3558, VIC",0,0,0,0,10,0,14,6,61,0,17,0,0,16,0,41,128,86,73,126,0,0,0,51,41,15,6,138,149,971
"3559, VIC",0,0,0,0,3,0,10,0,42,0,14,0,0,14,0,18,61,58,50,45,0,0,0,40,26,7,0,87,93,563
"3561, VIC",0,8,0,0,36,0,43,9,287,5,121,0,0,128,0,166,622,421,344,514,0,0,5,311,239,57,18,447,724,4498
"3562, VIC",0,0,0,0,0,0,0,0,20,0,7,0,0,7,0,9,49,15,15,21,0,0,0,12,5,0,0,30,47,257
"3563, VIC",0,0,0,0,5,0,5,0,48,0,16,0,0,26,0,30,124,68,74,103,0,0,0,51,39,13,0,99,157,850
"3564, VIC",7,19,3,3,236,14,203,61,1419,11,412,4,0,724,0,583,2506,1576,1243,1732,0,18,5,1016,718,259,61,1367,2897,17080
"3565, VIC",0,0,0,0,3,0,0,0,10,0,6,0,0,4,0,0,15,8,6,17,0,0,0,5,3,0,0,16,36,134
"3566, VIC",0,0,0,0,0,0,0,3,33,0,23,0,0,16,0,15,63,63,46,64,0,0,0,49,23,7,0,66,99,578
"3567, VIC",0,0,0,0,3,0,5,0,40,0,5,0,0,18,0,11,82,70,44,92,0,0,0,65,47,4,0,65,111,665
"3568, VIC",0,5,0,0,31,0,31,7,175,0,69,0,0,105,0,67,417,248,235,371,0,0,0,227,186,38,3,289,432,2947
"3570, VIC",0,0,0,0,9,0,12,5,43,0,16,0,0,25,0,25,138,68,45,93,0,0,0,34,26,13,0,153,143,837
"3571, VIC",0,3,0,0,0,0,3,0,19,0,13,0,0,14,0,6,49,25,26,25,0,0,0,14,18,3,0,24,52,305
"3572, VIC",0,3,0,0,0,0,0,0,8,0,9,0,0,6,0,5,16,8,16,8,0,0,0,12,0,4,0,14,22,137
"3573, VIC",0,0,0,0,0,0,7,0,21,0,4,0,0,14,0,6,45,33,26,34,0,0,0,20,3,4,0,44,68,340
"3575, VIC",0,4,0,0,4,0,11,0,77,0,24,0,0,22,0,22,96,68,68,103,0,0,0,36,44,21,0,89,158,842
"3576, VIC",0,0,0,0,0,0,0,0,13,0,3,0,0,3,0,4,7,3,6,10,0,0,0,0,0,3,0,0,9,60
"3579, VIC",0,10,0,0,55,3,41,9,311,0,130,4,0,200,0,184,776,441,429,580,0,8,0,392,304,73,21,562,909,5450
"3580, VIC",0,0,0,0,8,0,8,4,43,0,22,0,0,28,0,38,160,76,77,181,0,0,0,98,64,14,0,127,161,1101
"3581, VIC",0,0,0,0,3,0,5,0,9,0,0,0,0,5,0,0,17,15,17,22,0,0,0,7,12,3,0,13,16,147
"3583, VIC",0,0,0,0,0,0,0,0,9,0,9,0,0,6,0,12,29,11,15,18,0,0,0,10,5,0,0,14,21,162
"3584, VIC",0,0,0,0,9,0,17,0,69,0,31,0,0,34,0,46,176,115,72,99,0,6,0,67,37,13,5,124,218,1138
"3585, VIC",9,7,0,8,148,16,134,39,881,7,266,6,0,507,0,380,1370,1388,768,1017,0,4,0,551,531,180,139,942,2220,11508
"3586, VIC",0,0,0,0,9,0,4,3,43,0,15,0,0,17,0,30,140,97,66,61,0,0,0,44,21,9,0,65,163,799
"3588, VIC",0,0,0,0,0,0,0,0,21,0,5,0,0,10,0,17,51,52,28,40,0,0,0,40,21,0,0,38,70,404
"3589, VIC",0,0,0,0,0,0,6,0,23,0,0,0,0,10,0,13,38,55,20,25,0,0,0,17,17,9,9,47,68,359
"3590, VIC",0,0,0,0,0,0,9,0,29,0,4,0,0,15,0,7,52,31,26,29,0,0,0,9,13,3,3,43,66,337
"3591, VIC",0,0,0,0,3,0,4,0,5,0,0,0,0,9,0,3,26,18,16,15,0,0,0,15,5,0,0,10,27,163
"3594, VIC",0,0,0,0,0,0,8,0,25,0,10,0,0,32,0,17,68,64,38,68,0,0,0,26,37,11,0,60,68,536
"3595, VIC",0,0,0,0,0,0,5,0,17,0,13,0,0,17,0,21,99,63,57,85,0,0,0,35,40,9,6,97,124,673
"3596, VIC",0,0,0,0,0,0,0,0,7,0,3,0,0,0,0,4,10,11,9,13,0,0,0,9,0,3,0,22,17,103
"3597, VIC",0,0,0,0,3,0,3,0,30,0,11,0,0,23,0,6,49,68,32,42,0,0,0,26,33,7,4,45,75,458
"3599, VIC",0,0,0,0,0,0,0,0,8,0,0,0,0,9,0,0,26,13,13,4,0,0,0,14,8,3,6,36,25,154
"3607, VIC",0,0,0,0,0,0,0,0,9,0,13,0,0,7,0,4,24,10,14,11,0,0,0,8,12,4,0,27,23,160
"3608, VIC",0,4,0,0,26,7,38,10,230,3,103,0,0,98,0,88,399,273,214,272,0,0,0,140,133,45,16,308,415,2825
"3610, VIC",0,5,0,0,18,0,12,4,108,0,44,0,0,68,0,61,199,138,118,282,0,5,0,88,73,21,6,155,207,1600
"3612, VIC",0,5,0,0,15,0,15,5,93,6,51,0,0,66,0,67,239,152,138,187,0,5,0,143,99,40,3,252,220,1801
"3614, VIC",0,4,0,0,23,0,7,3,90,5,27,0,0,40,0,34,141,86,55,80,0,4,0,26,16,16,0,69,212,927
"3616, VIC",3,19,0,0,81,5,86,10,457,3,136,0,0,288,0,187,673,576,375,493,0,5,0,258,290,75,36,547,996,5605
"3617, VIC",0,0,0,0,0,0,0,0,11,0,5,0,0,5,0,6,16,23,13,20,0,0,0,11,5,3,0,11,28,161
"3618, VIC",0,0,0,0,4,0,7,0,24,0,15,0,0,34,0,21,84,74,52,72,0,0,0,54,27,17,0,96,97,679
"3620, VIC",0,5,0,0,89,8,92,14,559,0,226,4,0,353,0,282,1150,777,591,902,0,9,0,524,469,110,14,727,1443,8340
"3621, VIC",0,0,0,0,20,0,13,3,137,0,53,0,0,95,0,78,367,229,181,249,0,0,0,140,102,42,3,208,510,2437
"3622, VIC",0,0,0,0,3,0,4,0,43,0,14,0,0,26,0,17,67,47,27,70,0,0,0,28,22,5,0,50,114,537
"3623, VIC",0,3,0,0,4,0,10,3,52,0,23,0,0,31,0,38,117,87,73,100,0,0,0,62,57,14,0,78,140,890
"3624, VIC",0,0,0,0,0,0,3,0,27,0,16,0,0,17,0,28,73,42,51,74,0,0,0,38,39,5,0,57,107,563
"3629, VIC",0,4,0,0,109,8,104,22,518,3,182,0,0,416,0,332,1174,931,656,950,0,8,5,569,500,150,76,1197,1620,9536
"3630, VIC",14,47,16,28,686,32,429,89,2583,26,698,4,0,1401,0,1062,3218,3502,2035,2757,0,34,7,1657,1656,446,576,2974,6172,32151
"3631, VIC",3,40,0,16,305,24,242,58,1422,9,385,3,0,711,0,468,1693,1618,921,1131,0,6,4,590,501,229,123,839,3263,14605
"3633, VIC",0,6,0,0,9,0,6,0,56,0,21,0,0,38,0,21,81,72,46,70,0,0,0,30,15,3,6,37,117,620
"3634, VIC",0,8,0,0,29,0,31,6,137,0,56,3,0,71,0,66,254,187,117,186,0,3,0,91,55,27,6,169,389,1888
"3635, VIC",0,0,0,0,7,0,4,3,24,0,17,0,0,24,0,25,82,52,41,69,0,0,0,34,22,10,0,59,81,552
"3636, VIC",4,10,0,0,43,3,62,15,339,3,141,3,0,213,0,196,695,485,390,591,0,8,0,316,272,93,25,603,876,5375
"3637, VIC",0,0,0,0,5,0,5,4,25,0,17,0,0,23,0,24,95,50,43,57,0,0,0,34,28,6,0,63,150,642
"3638, VIC",0,0,0,0,27,0,24,3,151,0,56,4,0,84,0,75,323,257,146,214,0,0,0,169,96,28,3,180,363,2199
"3639, VIC",0,0,0,0,3,0,0,0,35,0,12,0,0,16,0,13,75,45,41,59,0,0,0,39,27,8,0,37,49,479
"3640, VIC",0,0,0,0,3,0,9,6,85,0,27,8,0,48,0,28,133,105,55,97,0,0,0,61,37,21,3,103,198,1025
"3641, VIC",0,0,0,0,8,3,7,0,60,0,30,0,0,56,0,39,182,100,88,130,0,0,0,85,71,17,0,127,263,1266
"3646, VIC",0,5,0,0,11,0,4,3,66,0,21,0,0,22,0,10,87,55,39,59,0,0,0,23,19,4,0,62,104,601
"3647, VIC",0,0,0,0,8,0,0,0,3,0,0,0,0,3,0,0,3,26,0,0,0,0,0,0,0,0,0,0,0,51
"3649, VIC",0,0,0,0,3,0,0,0,42,0,13,0,0,18,0,14,64,51,39,47,0,0,0,27,15,8,0,59,79,478
"3658, VIC",0,16,0,0,85,3,65,18,414,3,150,0,0,295,0,231,951,678,426,614,0,3,0,322,214,85,14,513,1159,6251
"3659, VIC",0,5,0,0,16,0,11,0,95,0,36,0,0,39,0,29,104,78,43,59,0,4,0,36,14,18,0,53,110,748
"3660, VIC",0,12,0,0,106,8,90,21,556,5,201,6,0,334,0,284,1019,858,572,763,0,13,5,462,390,112,30,843,1156,7842
"3662, VIC",0,3,0,0,21,0,10,8,84,0,18,0,0,59,0,72,93,273,53,54,0,0,0,12,0,10,0,73,272,1108
"3663, VIC",0,0,0,0,5,0,0,0,7,0,5,0,0,16,0,3,22,22,13,15,0,0,0,9,3,0,0,25,21,183
"3664, VIC",0,7,0,0,28,0,16,4,117,0,56,0,0,60,0,49,155,127,65,92,0,0,0,47,40,17,14,55,187,1139
"3665, VIC",0,0,0,0,7,0,5,0,34,0,23,0,0,17,0,10,46,40,23,49,0,0,0,11,18,5,0,40,64,397
"3666, VIC",4,26,0,5,98,0,90,14,470,0,192,0,0,212,0,183,621,471,369,452,0,7,0,291,233,74,8,628,696,5142
"3669, VIC",0,6,0,4,24,0,24,7,145,0,77,3,0,59,0,55,176,128,95,144,0,4,0,51,47,32,0,211,197,1475
"3670, VIC",0,5,0,0,7,0,6,5,47,0,15,0,0,22,0,24,97,60,41,70,0,0,0,32,17,12,0,47,81,596
"3672, VIC",3,18,0,4,199,10,147,35,795,5,363,3,0,482,0,412,1421,1052,814,1015,0,8,0,563,559,179,35,1177,1507,10822
"3673, VIC",0,7,0,0,25,0,35,9,191,0,76,0,0,95,0,59,281,161,112,175,0,0,0,74,48,40,0,171,256,1818
"3675, VIC",3,6,0,0,38,0,48,15,202,0,77,0,0,98,0,85,278,149,126,142,0,0,0,92,36,31,0,161,346,1936
"3677, VIC",8,37,3,8,367,20,305,101,1731,10,530,6,0,904,6,760,2418,1809,1299,1811,0,8,0,972,838,307,73,1570,3312,19214
"3678, VIC",9,19,4,13,141,10,137,34,744,9,266,0,0,319,0,212,938,551,448,513,0,3,0,268,166,110,9,466,1197,6568
"3682, VIC",0,5,0,0,4,0,10,5,47,0,26,0,0,27,0,24,93,47,34,72,0,0,0,38,6,16,0,51,137,645
"3683, VIC",0,8,0,0,25,3,26,13,156,0,54,0,0,82,0,63,275,155,121,191,0,0,0,88,50,37,6,148,250,1748
"3685, VIC",3,13,0,0,54,3,58,12,282,3,105,0,0,129,0,92,429,253,211,323,0,3,0,144,88,60,7,201,474,2935
"3687, VIC",0,0,0,0,3,0,9,5,70,0,24,0,0,48,0,32,182,113,82,109,0,0,0,60,45,19,0,80,170,1061
"3688, VIC",0,10,0,0,23,0,24,9,98,0,36,0,0,61,0,73,216,127,64,122,0,0,0,57,30,13,0,114,257,1334
"3690, VIC",12,80,3,19,594,38,498,148,2843,18,920,21,0,1839,0,1710,4795,3412,2141,3482,0,25,3,1493,1152,603,182,2286,6721,35051
"3695, VIC",0,0,0,0,5,3,9,0,62,0,16,0,0,28,0,30,66,42,29,40,0,0,0,32,15,9,0,25,84,488
"3697, VIC",0,8,0,0,12,0,23,5,81,0,20,0,0,24,0,25,69,49,36,53,0,0,0,19,8,14,0,36,89,568
"3698, VIC",0,8,0,0,47,0,27,3,172,0,55,0,0,49,0,31,130,83,66,40,0,0,0,29,19,18,0,83,154,1012
"3699, VIC",0,6,0,0,28,5,31,6,177,0,39,0,0,47,0,52,149,164,63,63,0,0,0,25,33,24,4,158,166,1242
"3700, VIC",0,3,0,0,6,0,28,3,96,0,35,0,0,58,0,66,230,130,85,150,0,0,0,61,57,26,5,141,228,1403
"3701, VIC",0,3,0,0,21,3,14,8,81,0,39,0,0,55,0,41,160,90,80,93,0,0,0,46,45,24,0,130,174,1101
"3704, VIC",0,0,0,0,0,0,0,0,3,0,3,0,0,0,0,0,3,4,0,0,0,0,0,0,0,0,0,3,0,26
"3705, VIC",0,0,0,0,0,0,0,0,19,0,10,0,0,9,0,9,31,20,14,26,0,0,0,13,12,0,0,56,23,254
"3708, VIC",0,0,0,0,0,0,0,0,4,0,0,0,0,6,0,0,11,10,4,4,0,0,0,4,0,4,0,0,11,66
"3709, VIC",0,0,0,0,5,0,4,0,22,0,10,0,0,10,0,9,54,24,15,32,0,0,0,19,12,3,0,47,25,307
"3711, VIC",0,0,0,0,10,0,3,0,75,0,27,0,0,31,0,25,105,48,50,34,0,0,0,23,10,9,0,62,77,591
"3712, VIC",0,0,0,0,0,0,4,0,22,0,12,0,0,15,0,9,67,40,22,51,0,0,0,20,11,0,0,39,37,354
"3713, VIC",0,0,0,0,12,0,16,0,65,0,33,0,0,38,0,35,177,99,79,104,0,0,0,66,46,16,3,119,106,1023
"3714, VIC",0,12,0,0,70,0,73,16,344,0,144,0,0,179,0,130,520,349,253,387,0,5,0,190,139,75,22,303,540,3749
"3715, VIC",0,0,0,0,8,0,7,0,22,0,20,0,0,26,0,15,67,33,26,25,0,0,0,18,0,6,0,49,54,371
"3717, VIC",0,19,0,0,55,8,53,8,304,0,149,0,0,152,0,100,550,313,214,337,0,0,0,164,125,83,7,425,495,3544
"3718, VIC",0,0,0,0,6,0,4,0,10,0,7,0,0,7,0,4,12,10,5,12,0,0,0,0,0,4,0,16,7,91
"3719, VIC",0,0,0,0,9,3,8,0,44,0,18,0,0,31,0,6,60,39,30,49,0,0,0,22,12,4,3,34,42,420
"3720, VIC",0,3,0,0,7,0,10,0,64,0,26,0,0,39,0,13,118,71,59,72,0,0,0,27,27,13,0,52,61,666
"3722, VIC",3,12,0,5,105,3,112,18,601,0,237,0,0,280,0,192,875,547,381,424,0,0,0,247,157,116,22,425,1055,5815
"3723, VIC",3,18,0,0,115,0,70,11,397,0,113,0,0,162,0,100,452,338,187,218,0,0,0,153,162,69,7,528,617,3727
"3725, VIC",0,3,0,0,6,0,15,4,55,0,28,0,0,32,0,19,93,65,35,63,0,0,0,27,10,15,4,65,119,645
"3726, VIC",0,0,0,0,12,0,5,0,19,0,11,0,0,12,0,6,67,37,24,42,0,0,0,19,19,8,0,63,60,411
"3727, VIC",0,0,0,0,0,0,0,0,16,0,4,0,0,5,0,9,61,23,24,30,0,0,0,14,18,5,0,38,44,303
"3728, VIC",0,0,0,0,3,0,4,0,36,0,16,0,0,15,0,22,100,55,56,92,0,0,0,43,36,6,0,58,131,687
"3730, VIC",0,11,0,0,117,9,116,20,676,5,288,3,0,392,4,299,1414,921,689,1168,0,3,0,552,468,172,15,838,1541,9719
"3732, VIC",0,0,0,0,4,0,3,0,63,0,18,0,0,32,0,29,90,65,40,46,0,0,0,23,29,10,0,54,97,608
"3733, VIC",0,0,0,0,5,0,9,0,18,0,15,0,0,19,0,9,22,20,19,21,0,0,0,6,3,0,0,19,32,220
"3735, VIC",0,0,0,0,10,0,9,4,58,5,20,4,0,32,0,23,102,63,54,43,0,0,0,23,33,6,0,50,100,638
"3737, VIC",3,6,0,4,62,4,74,7,386,0,131,0,0,189,0,150,629,438,313,444,0,3,0,211,225,82,20,381,665,4426
"3738, VIC",0,0,0,0,3,0,3,0,26,0,6,0,0,11,0,5,36,27,13,23,0,0,0,12,6,3,0,17,26,197
"3739, VIC",0,5,0,5,10,0,3,0,28,0,7,0,0,9,0,6,25,20,9,21,0,0,0,11,10,0,0,43,34,239
"3740, VIC",0,6,0,0,30,3,32,0,132,0,48,0,0,64,0,39,163,109,84,101,0,0,0,42,29,24,0,66,207,1183
"3741, VIC",3,28,0,0,98,7,85,14,474,3,142,0,0,168,0,111,426,350,177,206,0,0,0,97,74,74,6,377,505,3426
"3744, VIC",0,8,0,0,17,0,9,3,67,0,24,0,0,29,0,22,59,50,32,25,0,0,0,16,3,5,0,33,112,522
"3746, VIC",0,3,0,0,3,0,11,0,34,0,16,0,0,15,0,19,67,24,26,40,0,0,0,9,12,12,0,33,57,382
"3747, VIC",10,50,0,8,190,3,186,37,750,5,274,4,0,226,0,175,521,391,250,432,0,0,0,150,144,82,12,360,804,5054
"3749, VIC",0,21,0,3,88,3,69,11,345,0,91,5,0,94,0,75,224,159,99,160,0,0,0,53,55,31,0,137,395,2123
"3750, VIC",8,81,6,15,1672,65,244,53,3360,22,657,11,0,1557,0,504,1645,3025,696,991,0,7,0,469,549,381,253,1038,7106,24407
"3751, VIC",0,0,0,0,0,0,6,0,13,0,8,0,0,4,0,0,21,18,5,18,0,0,0,11,12,4,3,22,20,150
"3752, VIC",9,148,3,3,1021,54,318,74,3153,14,746,14,0,1272,0,758,2441,3726,1233,1516,3,10,0,757,830,475,178,1027,5217,24989
"3753, VIC",0,7,0,0,146,12,49,13,422,6,140,0,0,273,0,159,542,567,207,296,0,3,0,127,78,81,22,222,1264,4642
"3754, VIC",26,199,0,12,2105,103,667,194,6241,38,1483,29,0,2916,0,1701,5200,5784,2253,2786,0,37,0,1440,885,882,179,1735,13596,50494
"3755, VIC",0,0,0,0,3,0,4,0,26,0,8,0,0,9,0,5,40,17,13,10,0,0,0,15,14,5,3,26,34,246
"3756, VIC",10,31,0,0,384,21,180,32,1259,15,401,11,0,878,0,614,2045,1874,917,1210,0,14,0,613,390,256,77,836,3862,15931
"3757, VIC",8,24,0,0,149,9,134,32,737,4,327,3,0,471,0,359,1496,1052,583,737,0,6,4,434,354,141,35,783,1844,9735
"3758, VIC",0,8,0,0,34,0,31,15,141,3,71,0,0,104,0,83,418,202,141,164,0,0,0,91,43,37,6,206,484,2281
"3759, VIC",0,7,0,0,40,5,40,7,159,0,51,0,0,52,0,39,135,133,50,49,0,0,0,22,11,26,0,71,164,1063
"3760, VIC",0,4,0,0,13,3,10,3,55,0,23,0,0,11,0,7,54,42,15,28,0,0,0,8,5,7,0,14,60,356
"3761, VIC",0,24,0,0,46,5,26,3,171,3,71,0,0,40,0,41,156,141,63,52,0,0,0,47,12,15,0,88,185,1186
"3762, VIC",0,0,0,0,4,0,5,0,14,0,0,0,0,0,0,7,13,9,7,3,0,0,0,3,5,6,0,16,22,117
"3763, VIC",0,3,0,0,30,0,27,5,138,5,62,0,0,100,0,84,290,179,83,109,0,0,0,67,27,19,3,142,293,1662
"3764, VIC",9,27,0,5,206,14,147,30,827,0,324,4,0,530,0,398,1451,1185,617,931,0,5,0,511,405,203,26,761,1976,10578
"3765, VIC",3,28,0,0,156,3,127,33,826,4,243,4,0,372,0,244,984,765,362,474,0,3,0,216,136,138,13,415,1349,6900
"3766, VIC",0,25,0,0,73,3,40,14,239,0,50,0,0,59,0,48,127,129,48,65,0,0,0,25,16,17,3,46,245,1277
"3767, VIC",4,21,0,0,54,3,51,13,206,0,65,0,0,74,0,57,119,134,63,56,0,0,0,30,25,24,0,48,220,1271
"3770, VIC",4,7,0,0,55,9,46,4,301,3,108,3,0,139,0,125,534,352,219,273,0,0,0,149,70,54,4,216,621,3306
"3775, VIC",8,27,0,0,97,6,65,15,444,3,154,0,0,205,0,130,608,450,265,301,0,0,0,137,77,81,6,282,724,4080
"3777, VIC",13,62,0,0,245,19,192,33,1132,4,406,8,0,552,0,404,1543,1112,644,928,0,7,0,468,305,213,16,811,1812,10922
"3778, VIC",0,0,0,0,5,0,4,0,19,0,7,0,0,7,0,4,40,21,11,20,0,0,0,14,4,6,0,9,29,201
"3779, VIC",0,8,0,0,6,0,11,0,74,0,24,0,0,21,0,20,70,50,32,34,0,0,0,20,15,10,0,47,47,501
"3781, VIC",0,18,0,0,74,0,64,20,368,8,155,0,0,229,0,205,703,492,240,338,0,0,0,160,82,71,4,359,1032,4638
"3782, VIC",17,62,0,0,216,16,182,47,1021,8,279,4,0,461,0,291,1095,943,464,510,0,0,0,260,164,136,10,342,1452,7974
"3783, VIC",3,16,0,0,46,0,36,7,264,6,86,0,0,131,0,85,356,255,121,181,0,0,0,92,66,32,5,254,518,2559
"3785, VIC",0,4,0,0,3,0,3,6,12,0,0,0,0,9,0,0,4,3,5,0,0,0,0,4,3,0,0,0,16,69
"3786, VIC",0,36,0,0,88,4,47,13,298,0,65,0,0,86,0,44,129,167,61,65,0,0,0,36,23,31,3,61,267,1524
"3787, VIC",0,15,0,0,60,0,33,7,171,0,48,0,0,45,0,34,75,128,39,54,0,0,0,26,11,24,0,40,143,961
"3788, VIC",4,31,0,4,88,3,55,13,307,3,89,0,0,106,0,56,160,181,75,82,0,3,0,48,22,29,0,102,315,1773
"3789, VIC",0,8,0,0,27,4,10,0,52,0,18,4,0,20,0,6,20,27,13,9,0,0,0,5,0,8,0,14,52,294
"3791, VIC",0,43,0,0,67,5,48,10,262,0,71,0,0,63,0,52,137,176,77,54,0,0,0,29,16,34,6,51,206,1418
"3792, VIC",4,17,0,0,45,3,30,7,170,0,55,0,0,65,0,45,102,125,43,45,0,0,0,24,13,26,0,25,203,1046
"3793, VIC",0,21,0,0,104,4,62,12,406,0,142,5,0,194,0,143,519,388,198,264,0,0,0,145,80,67,8,187,711,3651
"3795, VIC",0,4,0,0,27,7,26,3,135,0,34,3,0,74,0,48,182,141,87,92,0,3,0,72,51,22,5,59,254,1323
"3796, VIC",5,23,0,0,214,14,168,40,1048,3,381,5,0,544,0,433,1502,1142,586,689,0,0,0,351,201,171,20,291,1962,9799
"3797, VIC",0,8,0,0,54,0,48,7,264,3,97,3,0,168,0,135,584,359,251,343,0,6,0,174,162,64,15,353,675,3764
"3799, VIC",0,24,0,4,127,9,103,22,472,0,232,4,0,266,0,225,784,627,373,506,0,0,0,267,201,97,10,656,949,5951
"3802, VIC",15,125,6,9,1006,37,257,74,3133,23,970,8,0,1264,0,606,2221,3778,1115,1499,0,7,3,721,962,481,452,1395,4306,24455
"3803, VIC",8,22,3,0,325,10,78,18,1143,8,333,9,0,538,0,285,977,1762,474,764,0,7,0,386,560,214,385,808,2228,11355
"3804, VIC",6,47,0,4,213,22,108,18,1085,0,263,6,0,434,0,206,1033,1282,475,541,0,4,0,266,265,135,109,467,1480,8466
"3805, VIC",25,175,9,22,1829,79,565,154,6293,38,1699,36,0,3175,3,1850,5893,8722,3104,3817,0,40,11,1978,1819,1095,1194,2823,12171,58600
"3806, VIC",29,278,10,41,2413,125,723,197,7080,17,1796,33,0,2768,0,1568,4892,6593,2617,3180,3,16,4,1634,1145,930,203,2360,10657,51308
"3807, VIC",7,44,0,0,223,6,125,37,846,3,278,6,0,437,0,285,945,1007,459,524,0,5,0,271,186,144,23,315,1468,7655
"3808, VIC",0,14,0,0,94,7,49,11,393,0,127,0,0,151,0,79,440,357,152,223,0,0,0,84,51,52,14,207,635,3147
"3809, VIC",14,74,0,5,1007,41,254,74,2702,22,632,11,0,1319,0,740,1987,2222,790,994,0,10,0,456,269,306,65,789,4886,19662
"3810, VIC",20,137,4,11,1587,64,591,136,5023,33,1396,34,0,3165,0,2154,6583,6355,2806,4111,0,32,0,2067,1463,952,332,3245,13280,55588
"3812, VIC",0,4,0,0,35,0,24,3,214,0,65,0,0,103,0,96,404,268,152,218,0,0,0,111,62,44,5,239,451,2488
"3813, VIC",0,3,0,0,15,3,15,3,96,0,33,0,0,41,0,31,152,106,73,70,0,0,0,33,25,26,6,91,153,963
"3814, VIC",0,3,0,0,35,3,31,6,198,0,67,0,0,101,0,92,414,275,152,228,0,0,0,112,76,36,3,226,531,2604
"3815, VIC",0,15,0,0,42,4,45,7,283,5,112,0,0,139,0,145,576,367,237,294,0,0,0,168,122,52,6,297,786,3693
"3816, VIC",0,0,0,0,36,3,22,4,188,6,70,3,0,137,0,126,499,303,183,332,0,0,0,139,102,55,8,309,698,3227
"3818, VIC",16,38,0,0,259,10,239,48,1391,10,507,6,0,799,0,723,2588,1678,1055,1514,0,7,0,815,656,348,56,1054,3479,17313
"3820, VIC",23,97,3,10,503,25,386,84,2190,6,637,3,0,1033,0,750,2584,1999,1181,1579,0,17,3,864,671,400,67,1268,3671,20054
"3821, VIC",7,16,0,0,74,6,54,13,367,0,111,0,0,130,0,105,443,279,186,213,0,0,0,139,75,49,3,261,603,3142
"3822, VIC",0,3,0,0,13,0,18,7,59,0,28,0,0,42,0,40,165,72,56,95,0,0,0,58,41,8,5,85,199,1001
"3823, VIC",0,7,0,0,49,0,23,8,190,0,74,3,0,111,0,64,345,217,140,197,0,3,0,96,61,29,5,135,366,2117
"3824, VIC",0,17,0,0,88,8,85,20,465,3,146,0,0,234,0,183,805,541,382,477,0,6,0,245,189,96,7,403,1036,5438
"3825, VIC",9,40,3,0,191,14,186,45,1135,15,461,4,0,857,0,872,3464,1967,1411,2214,0,33,3,1209,1049,309,104,2031,3455,21078
"3831, VIC",0,9,0,0,30,0,38,6,168,0,81,0,0,93,0,74,318,195,107,149,0,5,0,92,74,30,0,199,347,2012
"3832, VIC",0,0,0,0,3,0,3,0,19,0,10,0,0,9,0,7,35,24,20,30,0,0,0,10,11,6,0,15,38,245
"3833, VIC",0,0,0,0,7,0,4,0,26,0,12,0,0,9,0,10,54,31,23,23,0,0,0,10,14,7,0,54,36,340
"3835, VIC",0,0,0,0,8,0,5,0,45,0,11,0,0,14,0,20,63,38,46,47,0,0,0,34,16,4,0,31,83,475
"3840, VIC",8,34,0,4,176,17,129,33,927,10,287,3,0,623,0,577,2458,1717,1196,1715,0,19,5,960,893,241,139,2056,3009,17225
"3842, VIC",3,24,0,0,65,7,52,17,313,4,102,0,0,216,0,177,709,512,345,474,0,9,0,265,164,78,17,444,938,4924
"3844, VIC",17,74,6,35,621,33,386,127,2872,19,763,12,0,1471,0,1214,4564,3049,2034,2664,0,17,4,1432,1165,438,93,2319,5746,31179
"3847, VIC",0,3,0,0,21,5,29,4,127,5,52,0,0,79,0,90,370,194,151,225,0,0,0,128,87,35,5,286,388,2278
"3850, VIC",10,23,7,14,350,22,214,61,1497,5,462,7,0,741,0,564,1951,1501,1039,1363,0,14,0,720,581,226,62,1197,2832,15472
"3851, VIC",0,7,0,0,78,7,61,8,403,3,164,0,0,217,20,190,912,506,392,1169,0,3,0,321,199,84,5,639,833,6231
"3852, VIC",0,0,0,0,3,0,0,5,114,0,0,0,0,9,0,6,4,47,0,4,0,0,0,0,0,0,0,6,3,210
"3854, VIC",0,0,0,0,15,0,17,6,108,0,32,4,0,59,0,59,277,110,122,128,0,0,0,69,36,26,0,114,288,1478
"3856, VIC",0,3,0,0,10,0,11,4,75,0,25,0,0,43,0,33,201,83,71,110,0,3,0,54,21,15,0,87,228,1085
"3857, VIC",0,0,0,0,10,0,0,0,30,0,4,0,0,14,0,10,54,42,38,44,0,0,0,16,11,0,0,45,53,389
"3858, VIC",4,0,0,0,25,4,30,4,158,0,76,0,0,109,0,100,463,248,245,327,0,4,4,200,144,41,7,420,527,3125
"3859, VIC",0,6,0,0,14,0,13,3,68,0,18,0,0,21,0,37,146,90,73,85,0,0,0,50,27,22,3,90,186,945
"3860, VIC",3,19,0,6,90,9,112,24,584,0,203,0,0,271,0,280,1167,614,525,736,0,10,0,388,283,105,9,615,1391,7455
"3862, VIC",0,0,0,0,41,0,49,8,256,3,96,3,0,185,0,163,573,319,236,326,0,10,0,162,101,68,6,274,672,3547
"3864, VIC",0,0,0,0,3,0,0,0,13,0,10,0,0,9,0,6,39,28,11,25,0,0,0,13,5,0,0,25,34,241
"3865, VIC",0,0,0,0,0,0,0,0,33,0,13,0,0,19,0,20,66,76,43,45,0,0,0,45,19,4,3,63,79,527
"3869, VIC",0,10,0,0,25,0,30,10,150,0,55,4,0,83,0,68,310,169,116,147,0,0,0,45,48,25,3,123,310,1738
"3870, VIC",0,6,0,0,23,3,23,7,125,0,47,0,0,59,0,54,205,125,74,101,0,0,0,55,38,26,3,139,203,1319
"3871, VIC",0,10,0,0,56,5,49,17,314,5,94,0,0,131,0,129,434,276,193,220,0,0,0,142,102,57,7,253,542,3039
"3873, VIC",0,0,0,0,3,0,0,0,20,0,13,0,0,13,0,9,57,17,15,40,0,0,0,9,14,14,0,27,71,324
"3874, VIC",0,3,0,0,4,0,7,0,42,0,23,0,0,19,0,29,103,45,55,71,0,0,0,37,36,12,0,61,59,610
"3875, VIC",9,41,6,18,299,29,265,59,1545,17,647,7,0,889,0,704,2731,2063,1355,1909,0,22,4,1023,775,320,51,1785,3435,20015
"3878, VIC",0,5,0,0,32,0,30,3,125,0,62,0,0,61,0,35,237,113,88,128,0,4,0,67,48,31,0,94,135,1306
"3880, VIC",0,13,0,0,90,7,87,11,373,3,233,3,0,222,0,156,648,393,296,518,0,0,0,212,133,115,10,323,391,4235
"3882, VIC",0,0,0,0,17,0,18,4,102,0,38,0,0,71,0,53,229,128,75,139,0,0,0,58,48,22,5,75,236,1322
"3885, VIC",0,4,0,0,26,0,33,3,142,0,67,0,0,90,0,65,288,148,112,186,0,0,0,84,83,25,0,184,314,1876
"3886, VIC",0,0,0,0,3,0,9,0,26,0,11,0,0,16,0,12,69,30,26,46,0,0,0,29,17,5,0,43,74,415
"3887, VIC",0,0,0,0,5,0,4,0,22,0,6,0,0,11,0,3,42,21,20,27,0,0,0,13,17,4,0,45,25,268
"3888, VIC",0,6,0,0,51,3,44,4,264,0,89,0,0,143,0,99,437,315,251,361,0,5,0,203,182,70,9,455,505,3502
"3889, VIC",0,0,0,0,0,0,0,0,4,0,8,0,0,10,0,9,28,11,7,16,0,0,0,9,8,4,0,40,16,171
"3890, VIC",0,0,0,0,0,0,3,0,18,0,12,0,0,13,0,11,39,33,32,34,0,4,0,15,20,8,0,51,50,335
"3891, VIC",0,0,0,0,3,0,0,0,9,0,4,0,0,8,0,0,12,10,8,7,0,0,0,0,3,4,0,20,19,121
"3892, VIC",0,9,0,0,43,5,37,7,138,3,54,0,0,44,0,32,165,105,75,96,0,0,0,37,36,37,4,113,142,1183
"3893, VIC",0,0,0,0,3,0,0,0,7,0,0,0,0,0,0,0,0,0,0,0,0,0,0,0,0,0,0,0,4,25
"3895, VIC",0,3,0,0,0,0,4,0,11,0,8,0,0,13,0,8,27,17,18,31,0,0,0,15,8,0,0,16,23,198
"3896, VIC",0,0,0,0,3,0,10,4,38,0,17,0,0,14,0,7,43,36,25,31,0,0,0,10,15,3,0,35,58,351
"3898, VIC",0,5,0,0,6,4,15,0,69,0,25,0,0,28,0,24,100,82,40,61,0,0,0,26,19,12,0,119,70,705
"3900, VIC",0,0,0,0,0,0,0,0,8,0,0,0,0,3,0,4,17,20,19,17,0,0,0,12,4,0,0,42,17,173
"3902, VIC",0,0,0,0,3,0,3,0,21,0,14,0,0,17,0,15,75,34,33,51,0,0,0,28,15,7,0,62,48,423
"3903, VIC",0,0,0,0,8,0,9,6,71,0,24,0,0,41,0,41,134,67,45,96,0,0,0,32,28,18,6,78,151,861
"3904, VIC",0,9,0,0,63,0,39,4,237,7,104,0,0,113,0,62,267,202,105,140,0,4,0,85,38,53,0,163,230,1899
"3909, VIC",8,13,0,0,115,4,115,21,580,8,233,4,0,359,0,273,1243,757,577,984,0,12,0,521,350,173,19,1083,1252,8713
"3910, VIC",12,43,0,0,360,25,336,93,2230,21,726,7,0,1390,0,1031,3569,2750,1412,1837,0,12,4,864,588,446,75,1053,4697,23588
"3911, VIC",0,6,0,0,54,3,31,14,325,0,108,3,0,173,0,166,566,402,243,308,0,4,0,163,121,45,13,177,573,3514
"3912, VIC",15,29,0,0,252,16,221,44,1347,4,525,5,0,822,0,673,2393,1827,998,1265,0,5,0,675,424,293,48,853,2892,15633
"3913, VIC",3,13,0,0,47,6,44,13,309,4,147,0,0,187,0,178,556,416,223,268,0,0,0,149,82,70,4,161,579,3449
"3915, VIC",3,15,0,6,117,7,106,18,649,6,312,9,0,539,0,485,1528,1119,619,1051,0,6,3,591,438,195,33,916,1951,10723
"3916, VIC",0,30,0,7,64,0,30,4,253,0,47,0,0,28,0,17,70,110,48,69,0,0,0,25,11,16,0,65,119,1036
"3918, VIC",0,14,0,0,73,4,68,17,374,4,164,0,0,209,0,173,685,499,280,367,0,0,0,192,103,78,9,220,733,4276
"3919, VIC",5,9,0,0,34,0,34,8,196,5,100,0,0,194,0,172,583,348,176,295,0,0,0,171,94,46,4,202,652,3343
"3920, VIC",0,0,0,0,16,0,13,5,92,0,18,0,0,59,0,42,237,403,52,37,0,0,0,0,0,7,0,30,109,1124
"3921, VIC",0,0,0,0,3,0,0,0,22,0,6,0,0,6,0,3,9,16,9,13,0,0,0,0,8,4,0,15,16,139
"3922, VIC",13,46,0,3,217,16,178,34,1049,3,478,0,0,491,0,313,1331,1052,648,825,0,12,5,396,285,230,18,934,1518,10118
"3923, VIC",0,11,0,0,34,0,22,7,95,0,43,0,0,43,0,28,120,81,66,63,0,0,0,35,11,19,0,87,85,836
"3925, VIC",7,20,0,0,107,10,97,15,559,3,171,0,0,244,0,134,594,434,243,308,0,8,0,159,100,81,0,508,754,4550
"3926, VIC",8,22,0,0,141,10,93,13,670,3,184,0,0,162,0,87,359,356,147,174,0,0,0,53,39,56,0,238,604,3421
"3927, VIC",3,27,0,4,98,0,67,7,356,0,109,0,0,92,0,49,153,168,105,79,0,0,0,30,18,30,0,162,287,1857
"3928, VIC",0,9,0,0,28,0,14,0,96,0,20,0,0,18,0,6,37,45,28,25,0,0,0,7,7,20,0,43,46,453
"3929, VIC",0,26,0,8,71,0,33,0,268,5,87,0,0,41,0,13,54,119,45,48,0,0,0,17,13,24,0,153,105,1130
"3930, VIC",29,165,6,39,841,45,484,90,3423,6,906,10,0,914,6,448,1447,2210,907,888,0,0,0,492,252,380,16,881,3848,18734
"3931, VIC",23,99,3,16,685,39,526,99,3211,6,1157,12,0,1363,0,858,2939,3021,1593,1949,0,17,3,960,745,609,55,1910,3861,25759
"3933, VIC",0,9,0,0,28,0,14,0,144,0,35,0,0,47,0,34,124,141,58,72,0,5,0,43,29,18,3,51,140,1004
"3934, VIC",16,116,0,15,625,43,438,97,2911,8,1019,3,0,1052,0,585,2084,2325,1009,1263,0,4,0,606,360,444,46,966,3814,19846
"3936, VIC",10,36,0,5,288,16,219,39,1510,23,580,0,0,623,0,457,1711,1646,884,1106,0,9,0,468,463,253,57,1157,1798,13366
"3937, VIC",0,20,0,4,100,6,33,10,377,0,80,0,0,66,0,36,130,188,68,76,0,0,0,38,26,31,24,141,266,1717
"3938, VIC",0,14,0,4,93,5,73,9,439,4,167,0,0,168,0,116,479,400,240,231,0,0,0,91,59,81,6,234,400,3311
"3939, VIC",12,34,0,4,267,19,211,39,1407,6,598,6,0,741,0,586,2128,1734,1095,1395,4,12,0,719,580,354,58,1553,2346,15900
"3940, VIC",0,3,0,0,58,8,50,11,392,5,195,3,0,245,0,166,651,525,347,555,0,0,0,313,288,103,34,641,657,5246
"3941, VIC",11,59,0,4,298,13,220,30,1520,8,542,3,0,680,0,450,1813,1504,808,910,0,8,0,470,400,277,48,1376,2144,13591
"3942, VIC",0,23,0,3,111,4,68,10,444,0,185,0,0,128,0,55,287,345,168,140,0,0,0,69,53,58,7,297,325,2786
"3943, VIC",4,20,0,0,81,6,53,8,417,0,119,0,0,106,0,27,166,235,119,116,0,0,0,37,18,50,0,254,172,2013
"3944, VIC",0,15,0,6,42,3,28,0,204,0,56,0,0,27,0,10,33,126,54,31,0,0,0,7,3,21,0,79,28,787
"3945, VIC",0,3,0,0,21,5,19,0,102,0,61,0,0,36,0,31,161,85,79,87,0,0,0,49,26,30,0,80,197,1092
"3946, VIC",0,0,0,0,8,0,4,0,30,0,6,0,0,15,0,11,50,22,25,28,0,0,0,12,5,7,0,26,40,303
"3950, VIC",0,13,0,0,70,4,64,22,396,0,156,0,0,246,0,175,741,482,416,475,0,8,0,250,247,81,11,402,879,5133
"3951, VIC",0,5,0,0,24,4,19,6,134,0,39,0,0,47,0,27,145,107,83,74,0,0,0,34,21,19,0,72,169,1020
"3953, VIC",5,22,0,5,137,8,118,29,732,4,248,0,0,316,0,266,1094,775,657,766,0,12,0,410,310,143,24,607,1517,8194
"3954, VIC",0,0,0,0,14,0,6,3,62,0,14,0,0,18,0,12,55,33,31,31,0,0,0,10,12,0,0,17,48,366
"3956, VIC",0,19,0,0,87,4,58,8,356,5,101,0,0,108,0,93,427,309,204,247,0,0,0,107,89,46,6,271,477,3037
"3957, VIC",0,0,0,0,9,0,11,0,27,0,18,0,0,12,0,0,45,35,17,21,0,0,0,20,4,9,0,9,67,310
"3958, VIC",0,0,0,0,0,0,0,0,28,0,12,0,0,9,0,6,34,31,25,17,0,0,0,13,8,0,0,43,51,284
"3959, VIC",0,16,0,0,44,3,39,8,145,0,53,0,0,42,0,35,152,125,99,76,0,0,0,48,32,25,0,102,178,1223
"3960, VIC",0,19,0,5,74,4,52,7,271,0,139,0,0,113,0,89,339,244,202,223,0,0,0,134,115,50,4,299,325,2715
"3962, VIC",0,5,0,0,17,0,10,0,69,0,33,0,0,42,0,23,151,85,80,84,0,0,0,50,41,20,3,99,140,954
"3964, VIC",0,0,0,0,0,0,6,0,8,0,7,0,0,6,0,4,42,12,18,17,0,0,0,5,10,11,0,7,29,174
"3965, VIC",0,0,0,0,4,0,3,0,16,0,3,0,0,5,0,4,37,20,12,24,0,0,0,16,11,6,0,36,18,220
"3966, VIC",0,3,0,0,5,0,9,0,44,0,20,0,0,24,0,12,82,43,40,50,0,0,0,43,29,13,0,45,90,544
"3967, VIC",0,0,0,0,0,0,0,0,9,0,0,0,0,3,0,0,14,15,3,18,0,0,0,5,7,0,0,13,9,108
"3971, VIC",0,12,0,0,41,7,51,12,260,6,111,0,0,163,0,119,672,385,323,423,0,6,0,273,191,75,16,468,581,4195
"3975, VIC",12,70,5,9,1023,33,166,37,2643,14,520,8,0,1023,0,431,1205,2501,591,793,0,9,5,430,503,318,313,808,4587,18048
"3976, VIC",11,52,0,0,666,40,175,32,2302,14,651,11,0,1299,0,740,2334,3985,1232,1786,4,15,6,923,1116,465,862,1772,5600,26082
"3977, VIC",43,247,11,21,3758,167,1072,259,11612,90,3145,50,3,6824,0,3851,12268,14497,5702,8003,0,78,25,4105,3179,1878,1511,6013,28735,117143
"3978, VIC",26,128,5,15,2454,114,452,112,6210,48,1291,21,0,3145,0,1253,3346,4898,1405,1850,0,15,0,855,616,705,311,1649,12275,43202
"3979, VIC",0,0,0,0,9,0,4,4,43,0,7,0,0,18,0,9,52,21,21,39,0,0,0,23,5,8,0,41,70,365
"3980, VIC",0,4,0,0,29,0,36,7,196,0,78,5,0,148,0,147,649,356,254,354,0,0,0,181,90,49,0,260,713,3571
"3981, VIC",0,3,0,0,33,0,46,7,273,4,125,0,0,226,0,214,860,585,371,529,0,0,0,310,211,91,23,347,1162,5437
"3984, VIC",4,15,0,0,76,7,94,8,407,10,204,0,0,355,0,297,1229,709,457,762,0,9,0,388,263,123,21,682,1243,7374
"3987, VIC",0,7,0,0,13,0,15,0,82,0,38,0,0,77,0,71,279,161,102,154,0,0,0,81,41,25,6,158,330,1644
"3988, VIC",0,0,0,0,18,3,15,5,94,0,31,0,0,47,0,46,159,103,100,88,0,0,0,65,28,20,4,80,200,1094
"3990, VIC",0,0,0,0,0,0,4,0,13,0,8,0,0,8,0,0,14,7,8,11,0,0,0,8,3,0,0,10,12,118
"3991, VIC",0,4,0,0,0,0,4,0,13,0,11,0,0,20,0,18,64,37,20,48,0,0,0,26,20,6,4,59,62,405
"3992, VIC",3,3,0,0,15,0,35,3,99,0,31,0,0,60,0,45,209,137,78,105,0,4,0,60,31,23,4,97,228,1281
"3995, VIC",4,30,0,5,195,14,171,37,981,9,367,4,0,461,0,435,1617,1197,821,1150,0,10,4,650,522,191,54,995,1686,11596
"3996, VIC",11,29,0,0,237,11,184,40,941,0,316,0,0,277,0,181,810,587,416,524,3,0,0,263,189,124,34,431,1037,6649
Total,5962,52340,1518,4122,335031,13670,113484,25770,1001844,3644,204433,3811,94,307288,353,177926,576688,794380,303282,387115,98,3222,638,207177,212775,111204,59604,400997,1163943,6472415
